site,titulo,link,resumo,keywords,data_extracao
Agência iNFRA,TCU autoriza fiscalização em estatais do setor nuclear,https://agenciainfra.com/blog/tcu-autoriza-fiscalizacao-em-estatais-do-setor-nuclear/,"O Tribunal de Contas da União (TCU) iniciou o monitoramento técnico das contratações das estatais nucleares (ENBPar, Eletronuclear, INB, Nuclebrás Equipamentos Pesados), após um diagnóstico apontar fragilidades estruturais que comprometem a eficiência e transparência. Foram identificados múltiplos alertas, como o elevado uso de contratações sem licitação (R$ 5,3 bilhões na Eletronuclear), o engajamento com fornecedores de capital social desproporcional e indícios de conflito de interesse na alta administração. Tais anomalias representam um risco substancial à gestão proba dos recursos minerais e energéticos do país, à lisura dos projetos de infraestrutura nuclear e à segurança operacional da cadeia de valor do combustível atômico, desde a exploração e mineração de urânio até a geração de energia. A fiscalização é vital para a integridade e sustentabilidade estratégica do setor nuclear brasileiro.",#GovernançaNuclear #AuditoriaEstatal #SetorAtômicoBR,18/03/2026
Agência iNFRA,TCU exige plano de ação da ANEEL sobre apagão de 2023,https://agenciainfra.com/blog/tcu-exige-plano-de-acao-da-aneel-sobre-apagao-de-2023/,"O TCU exigiu que a ANEEL, em 90 dias, desenvolva um plano de ação detalhando iniciativas para a regularização de pendências e incentivos regulatórios visando a conformidade com a DAPR-D. Esta determinação surge após o blecaute de agosto de 2023, que expôs fragilidades sistêmicas na modelagem, controle e visibilidade de novas fontes de energia dentro do Sistema Interligado Nacional (SIN). O evento, que resultou na interrupção de 23,4 GW (35% da carga total), sublinha a urgência de uma adaptação regulatória e operacional para um paradigma de maior dependência de serviços ancilares, cruciais para a estabilidade da infraestrutura energética e a gestão integrada de recursos. A resolução técnica dessas deficiências é fundamental para a resiliência da matriz energética e a otimização da exploração e distribuição de recursos.",#RegulaçãoEnergética #SINBrasil #SegurançaEnergética,18/03/2026
Agência iNFRA,Ferrogrão: Ministro do TCU cobra licença prévia antes de leilão,https://agenciainfra.com/blog/ferrograo-ministro-do-tcu-cobra-licenca-previa-antes-de-leilao/,"Como geóloga, a determinação do TCU para que a ferrovia Ferrogrão obtenha a Licença Prévia (LP) antes do leilão é um marco técnico crucial para a gestão de grandes projetos em biomas sensíveis. A exigência de antecipar o licenciamento, especialmente para um empreendimento que atravessa a Amazônia, visa estabilizar variáveis críticas e mitigar os inerentes riscos socioambientais, que incluem impactos geotécnicos, hidrológicos e na biodiversidade. Essa abordagem exige a realização de estudos geológicos e de impacto ambiental robustos na fase pré-licitatória, estabelecendo condicionantes ambientais essenciais para a resiliência e a longo prazo do projeto. Ao priorizar a avaliação ambiental prévia à concessão, o TCU estabelece um precedente importante para a incorporação da análise geocientífica na mitigação de riscos e na garantia da sustentabilidade de futuras infraestruturas em áreas ecologicamente vulneráveis.",#ImpactoAmbiental #LicenciamentoAmbiental #EstabilidadeGeológica,18/03/2026
Agência iNFRA,"Tratamento de esgoto não tem avanço em grandes cidades, aponta estudo",https://agenciainfra.com/blog/tratamento-de-esgoto-nao-tem-avanco-em-grandes-cidades-aponta-estudo/,"A análise dos dados de 2024 sobre o saneamento básico no Brasil revela uma crítica defasagem no tratamento de efluentes, configurando um desafio geocientífico substancial para a sustentabilidade hídrica e ambiental do país. Com uma média nacional de apenas 64,42% de esgoto tratado e retrocessos em índices de coleta e tratamento em relação a 2023, o Marco Legal do Saneamento de 2020 enfrenta sérios obstáculos na universalização até 2033, exacerbados pela insuficiência de investimentos (com cidades aportando R$ 77,58/hab, 65% abaixo do previsto). Esta carência de infraestrutura implica na persistente contaminação de corpos d'água superficiais e em potenciais impactos na qualidade de aquíferos, intensificando a vulnerabilidade hidrogeológica e demandando urgentemente soluções que integrem a engenharia sanitária com a gestão georreferenciada dos recursos hídricos para mitigar a degradação ambiental.",#Hidrogeologia #ContaminaçãoHídrica #SaneamentoAmbiental,18/03/2026
In The Mine,ARCELORMITTAL INAUGURA PLANTA DE BENEFICIAMENTO EM MG,https://www.inthemine.com.br/site/arcelormittal-inaugura-planta-de-beneficiamento-em-mg/,"A ArcelorMittal Brasil concluiu um investimento de R$ 2.5 bilhões na nova planta de beneficiamento em Serra Azul (MG), elevando a capacidade de produção de minério de ferro de 1.5 para 4.5 milhões de toneladas anuais e estendendo a vida útil da mina até 2056. Este projeto visa produzir um concentrado de alto teor e baixa impureza para exportação, evidenciando uma engenharia de processo avançada. Destaca-se a implementação de tecnologias sustentáveis, como o reuso de mais de 90% da água, a filtragem e empilhamento a seco de rejeitos (evitando barragens), e uma expansão da área de lavra de apenas 13% para um ganho de produção de 200%, refletindo otimização mineralógica e de lavra. Essa iniciativa reforça a gestão eficiente dos recursos minerais e o compromisso ambiental, enquanto consolida a posição da empresa no mercado global.",#Mineração #MinérioDeFerro #Sustentabilidade,18/03/2026
In The Mine,"VOTORANTIM TEM LUCRO LÍQUIDO DE R$ 3,2 BILHÕES EM 2025",https://www.inthemine.com.br/site/votorantim-tem-lucro-liquido-de-r-32-bilhoes-em-2025/,"Como geóloga especialista, a Votorantim Cimentos demonstrou um desempenho financeiro robusto em 2025, solidificando as bases para investimentos estratégicos em suas operações de mineração e processamento mineral. O volume global de vendas de cimento, atingindo 37 milhões de toneladas, e a projeção de adicionar 3,7 milhões de toneladas anuais à capacidade produtiva a partir de 2026, apontam para uma demanda crescente por calcário, argilas e outros agregados, exigindo aprimoramento contínuo na prospecção geológica, caracterização de depósitos e gestão sustentável de pedreiras. O Capex de R$ 3,7 bilhões, direcionado para modernizações industriais, expansão de unidades e a nova fábrica de argamassas em Goiás, evidencia uma estratégia de otimização do beneficiamento mineral e ampliação da infraestrutura produtiva. Paralelamente, os avanços na agenda de descarbonização, com estabilidade nas emissões de CO₂ por tonelada e investimentos em combustíveis alternativos e fontes renováveis de energia, são cruciais para a mitigação do impacto ambiental e a longevidade das operações de extração e transformação mineral.",#MineraçãoCimento #ExpansãoIndustrial #SustentabilidadeMineral,18/03/2026
In The Mine,ATLANTIC NICKEL REGISTRA FORTE DESEMPENHO EM 2025,https://www.inthemine.com.br/site/atlantic-nickel-registra-forte-desempenho-em-2025/,"A Atlantic Nickel demonstra uma operação robusta na mina de níquel sulfetado Santa Rita, na Bahia, evidenciando excelente desempenho técnico em 2025 com o processamento de 6,7 milhões de toneladas de minério, resultando na produção de 122 mil toneladas de concentrado com teor médio de 13,4% de níquel e recuperação de 84%. Esta eficiência operacional, aliada a um custo C1 altamente competitivo de US$3,48/libra, sustenta a viabilidade do ativo mesmo em cenários de mercado desafiadores. Geologicamente, o sucesso atual impulsiona o projeto de expansão subterrânea, validado por um Estudo de Pré-Viabilidade de 2024, que visa estender a vida útil da mina por mais de 30 anos e elevar a produção anual de níquel equivalente para 30 mil toneladas, confirmando a significativa persistência e extensão do corpo mineralizado em profundidade e otimizando o aproveitamento dos recursos minerais.",#NíquelSulfetado #MinaSantaRita #ExpansãoSubterrânea,18/03/2026
Agência iNFRA,iNFRA Mineração,https://agenciainfra.com/blog/category/mineracao/,Ignorado,,18/03/2026
Agência iNFRA,iNFRA Mineração,https://agenciainfra.com/blog/category/infraenergia/,Ignorado,,18/03/2026
In The Mine,SUSTENTABILIDADE,https://www.inthemine.com.br/site/category/meio-ambiente/,"O setor de mineração, conforme evidenciado por múltiplas iniciativas de grandes empresas, está intensificando seu compromisso com a sustentabilidade através de programas robustos de recuperação ambiental, incluindo reflorestamento em larga escala e o reaproveitamento de rejeitos e estéreis. Paralelamente, há um investimento significativo no desenvolvimento socioeconômico comunitário, promovendo geração de renda, capacitação profissional e o fortalecimento de saberes locais, muitas vezes validado por certificações de governança e alinhamento a padrões internacionais. Tais ações refletem uma estratégia integrada para mitigar impactos, fomentar a cooperação regional e assegurar uma mineração mais responsável e transparente.",#MineraçãoSustentável #ResponsabilidadeSocial #RecuperaçãoAmbiental,18/03/2026
In The Mine,GEOPROCESSAMENTO,https://www.inthemine.com.br/site/category/guia-itm/geoprocessamento/,Ignorado,,18/03/2026
In The Mine,NOVA DIRETORIA ASSUME NA ABREMI,https://www.inthemine.com.br/site/nova-diretoria-assume-na-abremi/,"A Associação Brasileira de Engenheiros de Mineração (Abremi) empossou sua nova diretoria e Conselho Fiscal em 28 de janeiro, com Vicente Lôbo na presidência. Sua experiência como ex-Secretário de Geologia, Mineração e Transformação Mineral do MME e atual conselheiro da Sigma Lithium, empresa de lítio no Vale do Jequitinhonha (MG), é estrategicamente relevante. Essa liderança aponta para uma gestão alinhada tanto com as políticas públicas do setor mineral quanto com o avanço da exploração e produção de elementos críticos, como o lítio, fundamentais para a transição energética e tecnológica. A composição diversificada da diretoria e o apoio da ANM evidenciam um enfoque na modernização regulatória, fomento à industrialização e desenvolvimento sustentável da indústria mineral brasileira.",#GovernançaMineral #LítioBrasil #SetorMineral,25/02/2026
In The Mine,DISPUTA SOBRE TAXAS DA MINERAÇÃO,https://www.inthemine.com.br/site/disputa-sobre-taxas-da-mineracao/,"O grupo de trabalho do MME debate intensamente a legitimidade e aplicação das taxas de fiscalização minerária instituídas por estados e municípios. A AMIG Brasil acusa o processo de favorecer o posicionamento das mineradoras, que se opõem a essas taxas, na composição do relatório ao CNPM. Enquanto oito estados e dezessete municípios as cobram, gerando receitas significativas como R$ 1,2 bilhão em Minas Gerais, superando a CFEM estadual, a invalidação da taxa em Goiás pelo STF em 2023 e a expectativa de novas judicializações ressaltam a complexidade jurídica e a controvérsia sobre a competência fiscal federativa no setor mineral, desafiando o equilíbrio entre autonomia local e padronização regulatória nacional.",#RegulaçãoMineral #TributaçãoSetorial #FederalismoFiscal,25/02/2026
In The Mine,FUSÕES E AQUISIÇÕES GANHAM RITMO,https://www.inthemine.com.br/site/fusoes-e-aquisicoes-ganham-ritmo/,"O setor de mineração brasileiro experimentou um dinamismo notável em fusões e aquisições (M&A) entre janeiro e setembro de 2025, registrando 18 operações, majoritariamente impulsionadas por movimentos estratégicos de capital estrangeiro, com apenas duas envolvendo fundos de private equity. A predominância de oito transações do tipo CB1 demonstra o foco de investidores externos na aquisição de ativos minerais no país, como exemplificado pela chinesa MMG ao adquirir as minas de níquel da Anglo American em Goiás, Pará e Mato Grosso, pela CNT na compra do estanho da Mineração Taboca no Amazonas, e pela Aura ao adquirir a mina de ouro Serra Grande da AngloGold Ashanti em Goiás. Outras operações relevantes incluem o aumento da participação da japonesa Itochu na CSN Mineração (minério de ferro em MG) e a aquisição turca da CoreX Holding dos ativos de cobre e ouro da BHP no Pará via uma transação CB4, evidenciando o apetite global por recursos estratégicos brasileiros.",#MineraçãoBrasil #M&A #AtivosMinerais,25/02/2026
In The Mine,BAHIA METALS ESTREIA NA TSX,https://www.inthemine.com.br/site/bahia-metals-estreia-na-tsx/,"A Bahia Metals, por meio de sua subsidiária Bahia Nickel Mineração, capitalizou C$ 5.350 milhões líquidos via IPO na TSX para impulsionar o desenvolvimento do Projeto Mangueiros, localizado em Pilão Arcado, Bahia. Este empreendimento geológico-mineral concentra-se na prospecção e exploração de um depósito de níquel sulfetado, mineral estratégico essencial, com significativo potencial para subprodutos de cobre e cobalto, vitais para tecnologias de baterias e a transição energética. A concessão da área, obtida da CBPM em 2021, permitiu o início da pesquisa complementar em janeiro de 2022, visando a caracterização detalhada e a otimização deste recurso mineral.",#NíquelSulfetado #MetaisDeBateria #MineraçãoBahia,25/02/2026
In The Mine,QUEM PODE PESQUISAR O QUÊ E ONDE?,https://www.inthemine.com.br/site/quem-pode-pesquisar-o-que-e-onde-4/,"Em 2025, o cenário da pesquisa mineral no Brasil, conforme dados da ANM, revelou um significativo declínio de 24,2% na emissão de alvarás, totalizando 8.294 títulos, o menor patamar desde 2021, e uma drástica redução de alvarás vigentes para 39.873. Essa retração nas atividades de prospecção é concomitantemente impactada pela persistência de um gap entre requerimentos protocolados e alvarás concedidos (1.694 em 2025), indicando que as crônicas deficiências estruturais e de recursos humanos da ANM continuam a entravar o fluxo regulatório. A composição das substâncias-alvo mostra Areia e Ouro nas posições cimeiras, enquanto minerais de importância estratégica como Lítio e Terras Raras, antes em destaque, registraram quedas notáveis nas autorizações de pesquisa, sugerindo uma reconfiguração na priorização exploratória, talvez por maturidade de projetos iniciais ou oscilações de mercado. Regionalmente, observa-se a persistência da diversidade mineralógica, com o Nordeste explorando Ferro, Terras Raras e Lítio, e o Norte priorizando Ouro e outros minerais de províncias metalogenéticas específicas.",#PesquisaMineral #ANM #ExploraçãoGeológica,26/02/2026
In The Mine,LEGAL ADVOCACY E MINERAÇÃO,https://www.inthemine.com.br/site/legal-advocacy-e-mineracao/,"Como geóloga especialista, observo que a Legal Advocacy é fundamental para aprimorar o complexo regime jurídico da mineração, atualmente comprometido por falhas normativas que geram significativa insegurança e impactam o investimento setorial. Tais deficiências incluem a omissão regulatória na mineração em terras indígenas, lacunas de redação no Código de Mineração que afetam a clareza dos atos minerários (e.g., PLGs), e o abuso do poder regulatório da ANM, cujas normativas frequentemente contradizem entendimentos judiciais. A superação desses entraves jurídicos é crucial para garantir a previsibilidade e estabilidade necessárias ao desenvolvimento e execução de projetos de prospecção e lavra, fomentando um ambiente de negócios robusto para a indústria mineral.",#MineracaoLegal #RegulacaoMineral #SegurancaJuridica,26/02/2026
In The Mine,UMA INTERLOCUTORA DA PLS NA CONSTRUÇÃO DO PROJETO COLINA,https://www.inthemine.com.br/site/uma-interlocutora-da-pls-na-construcao-do-projeto-colina/,"O Projeto Colina de lítio, localizado no semiárido norte de Minas Gerais, Brasil, teve sua exploração geológica iniciada em 2019, culminando na ampliação da quantificação de recursos até 2021. Após ser adquirido por aproximadamente US$ 370 milhões pelo PLS Group (anteriormente Pilbara Minerals), o projeto de mineral crítico avança significativamente para a fase de implementação, evidenciado pela recente obtenção da Licença Ambiental Concomitante 2 (LAC 2), que engloba as licenças Prévia e de Instalação para sua primeira fase, em fevereiro de 2025. Este marco regulatório, crucial para a concretização da mina, sublinha o robusto investimento internacional e o progresso técnico-operacional na exploração de lítio no Brasil, com notável interação entre a empresa e os órgãos reguladores e comunidades locais.",#LítioBrasil #MineraçãoCrítica #DesenvolvimentoMineral,26/02/2026
In The Mine,AMG BRASIL ABRE INSCRIÇÕES PARA PROGRAMA DE ESTÁGIO,https://www.inthemine.com.br/site/amg-brasil-abre-inscricoes-para-programa-de-estagio/,"A AMG Brasil, multinacional de mineração e metalurgia, lançou seu programa de estágio ""Jornada do Futuro"", que teve inscrições abertas até 15 de março para estudantes de nível superior e técnico. A iniciativa visou capacitar novos profissionais nas áreas de Produção & Operações e Administrativa em suas unidades de Minas Gerais (São João del-Rei, Nazareno, São Tiago e Nova Lima), oferecendo uma imersão prática na rotina industrial e corporativa. O programa, com duração de até dois anos e formato presencial de 30 horas semanais, busca talentos com previsão de formatura a partir de 2028 para desenvolvimento técnico e comportamental no setor.",#Mineração #Estágio #Talento,25/02/2026
In The Mine,PROJETO BANDEIRA AVANÇA EM MG,https://www.inthemine.com.br/site/projeto-bandeira-avanca-em-mg/,"A Lithium Ionic informa que o Projeto Bandeira (Araçuaí, MG) atingiu 48% de avanço nos estudos de engenharia para a futura mina. A engenharia básica da planta de processamento, incluindo definição de equipamentos-chave, layout e critérios de projeto, assim como a engenharia civil primária para infraestrutura de superfície e acessos à mina, está substancialmente concluída. A engenharia detalhada para os serviços de água bruta e drenagem encontra-se em fase de finalização, permitindo a abertura de licitações para serviços subterrâneos e aquisição de frota. O detalhamento do plano e cronograma de desenvolvimento da mina subterrânea está sendo ultimado, com previsão de início das obras para abril de 2026, enquanto o processo de licenciamento ambiental está em adequação à Lei nº 15.590/2025.",#Mineração #Lítio #EngenhariaDeMinas,25/02/2026
In The Mine,URÂNIO GANHA NOVO MAPA NA BAHIA,https://www.inthemine.com.br/site/uranio-ganha-novo-mapa-na-bahia/,"O Serviço Geológico do Brasil (SGB) divulgou um informe técnico sobre a favorabilidade geológica para ocorrência de depósitos de urânio na província de Lagoa Real (BA). O estudo, baseado em novos dados e metodologias modernas de mapeamento, estima que cerca de 90 mil toneladas de urânio (equivalente a 51% do potencial total da área) permanecem em recursos ainda não descobertos, delineando áreas prioritárias para prospecção. Esta avaliação visa reduzir riscos exploratórios e subsidiar futuros investimentos, alinhando-se à classificação do urânio como mineral estratégico pelo Plano Nacional de Mineração 2030.",#Urânio #LagoaReal #Prospecção,25/02/2026
In The Mine,INTERESSE EXTERNO SEGUE FORTE,https://www.inthemine.com.br/site/interesse-externo-segue-forte/,"Apesar da retração de 10% no volume de transações de M&A em 2025 frente a 2024, a KPMG projeta um interesse estrangeiro robusto por ativos minerais brasileiros de alta qualidade em 2026. Isso é evidenciado pela aquisição de depósitos auríferos estratégicos da Equinox Gold no Maranhão, Minas Gerais e Bahia pela chinesa CMOC por US$ 1,015 bilhão. Adicionalmente, o financiamento de US$ 565 milhões da DFC à Serra Verde Pesquisa e Mineração, única produtora de terras raras do país, sinaliza a crescente importância geopolítica dos minerais críticos brasileiros, reforçada pelo convite dos EUA para o Brasil integrar sua coalizão global, pavimentando o caminho para futuros aportes em projetos de exploração e lavra.",#MineraisCriticos #InvestimentoMineração #OuroTerrasRaras,25/02/2026
Agência iNFRA,Motta defende PL da rastreabilidade do ouro para combater ‘narcogarimpo’,https://agenciainfra.com/blog/motta-defende-pl-da-rastreabilidade-do-ouro-para-combater-narcogarimpo/,"Como geóloga especialista, o PL 3.025/2023, que busca estabelecer a rastreabilidade do ouro, é uma medida regulatória essencial para a gestão sustentável de recursos minerais no Brasil. A proposta, ao aprimorar o controle de origem, compra e transporte do ouro, visa mitigar significativamente o garimpo ilegal e a infiltração do crime organizado, que operam sem licenciamento ambiental ou técnico, causando degradação de ecossistemas fluviais e terrestres, e desviando recursos naturais. A implementação de uma cadeia de custódia transparente é crucial para assegurar a conformidade geológico-mineral e socioambiental da produção aurífera, favorecendo a arrecadação tributária e a atuação dos mineradores legítimos.",#RastreabilidadeOuro #MineraçãoIlegal #RegulaçãoMineral,17/03/2026
Agência iNFRA,TCU: Jorge Oliveira mantém LRCAP por risco de falta de potência,https://agenciainfra.com/blog/tcu-jorge-oliveira-mantem-lrcap-por-risco-de-falta-de-potencia/,"Como geóloga especialista, observo que a decisão do TCU em manter o Leilão de Reserva de Capacidade na forma de Potência (LRCAP) para garantir a estabilidade do sistema elétrico, apesar das reconhecidas fragilidades de modelagem e potenciais ineficiências que podem gerar custos elevados, ressalta a criticidade da infraestrutura energética para todas as atividades econômicas. Embora o certame aborde a contratação de potência, a sustentação dessa capacidade frequentemente depende da disponibilidade de recursos naturais, como combustíveis fósseis ou minerais estratégicos para tecnologias de energia renovável e armazenamento, cuja prospecção e extração são objeto de estudo geológico. A priorização da segurança de suprimento elétrico, com análise aprofundada das ineficiências programada para o pós-leilão, sublinha a interconexão entre política energética, disponibilidade de recursos geológicos e a resiliência operacional da indústria, incluindo o setor de mineração.",#SegurançaEnergética #InfraestruturaElétrica #MineraçãoEEnergia,17/03/2026
Agência iNFRA,ANTT assina concessão de rodovias no PR com R$ 11 bi,https://agenciainfra.com/blog/antt-assina-concessao-de-rodovias-no-pr-com-r-11-bi/,"A concessão do Lote 5 das Rodovias Integradas do Paraná, com R$ 11 bilhões em investimentos em 432 km (BR-163, BR-369, BR-467), representa um aporte significativo em infraestrutura crucial para o setor de recursos naturais. Do ponto de vista geológico-minerário, este projeto demanda extensos estudos geotécnicos para a estabilidade de taludes, fundações de obras de arte e a exploração sustentável de agregados pétreos para duplicação e novas estruturas. A ampliação da capacidade e segurança viária visa diretamente apoiar o escoamento eficiente da produção do estado, incluindo a logística de minerais e matérias-primas, otimizando o transporte e reduzindo custos operacionais para a indústria extrativa.",#Geotecnia #LogísticaMineral #Infraestrutura,17/03/2026
Agência iNFRA,"Técnicos do TCU veem fragilidades, mas recomendam não adiar LRCAP",https://agenciainfra.com/blog/tecnicos-do-tcu-veem-fragilidades-mas-recomendam-nao-adiar-lrcap/,"A Unidade de Auditoria Especializada em Energia Elétrica e Nuclear (AudElétrica) do TCU identificou fragilidades metodológicas significativas na definição dos preços-teto da EPE para o Leilão de Reserva de Capacidade (LRCAP), crucial para a expansão da infraestrutura energética. Embora a corte tenha recomendado postergar a análise detalhada das condições econômicas e tarifárias para após o certame, visando sua não interrupção, o parecer técnico sublinha a necessidade de corrigir deficiências que podem gerar distorções nos custos de capital e na valoração de recursos primários. Adicionalmente, a decisão do MME de financiar a malha de transporte de gás via tarifa de energia elétrica, sem estudos robustos, levanta preocupações sobre a sustentabilidade econômica e a alocação eficiente de investimentos em projetos que dependem diretamente da exploração e logística de recursos geológicos.",#RegulaçãoEnergética #PreçosTeto #InfraestruturaGás,16/03/2026
Agência iNFRA,ANP revisa regras do querosene de aviação e abre espaço ao SAF,https://agenciainfra.com/blog/anp-revisa-regras-do-querosene-de-aviacao-e-abre-espaco-ao-saf/,"Como geóloga especialista, observo que a recente aprovação da ANP na resolução do querosene de aviação é um marco na gestão de recursos energéticos para o setor aéreo. A atualização técnica permite que as misturas de querosene fóssil (JET A/A-1, produto de refinamento de hidrocarbonetos geológicos) com Componentes Sintéticos de Mistura (SBCs), frequentemente de origem biogênica ou sintética, adotem a mesma designação internacional, eliminando o JET C. Essa harmonização regulatória é essencial para a integração e escala dos Combustíveis Sustentáveis de Aviação (SAF), diversificando a matriz energética da aviação e reduzindo a dependência exclusiva de reservas petrolíferas. A flexibilização para produtores de SBCs na cadeia de mistura representa um avanço significativo para a logística e a descarbonização do transporte aéreo.",#CombustíveisSustentáveis #RecursosEnergéticos #AviaçãoDescarbonização,13/03/2026
In The Mine,MAPA DA MINA’2020,https://www.inthemine.com.br/site/mapa-da-mina2025-projetos-e-oportunidades-na-mineracao-brasileira/,"O ""Mapa da Mina'2025"" representa uma compilação técnica anual essencial para o setor mineral brasileiro, oferecendo a geólogos e investidores uma visão consolidada de projetos de mineração em diversas fases de desenvolvimento, desde a prospecção inicial até a fase de exploração avançada e desenvolvimento de mina. Este recurso detalha as oportunidades por tipo de minério, localização geográfica e empresa responsável, indicando os investimentos envolvidos, o que facilita a identificação de novos alvos de pesquisa, a avaliação de recursos e reservas, e o planejamento estratégico de empreendimentos minerais em um cenário geológico dinâmico e promissor.",#MapeamentoMineral #ProjetosDeMineração #GeologiaBrasil,18/03/2026
In The Mine,PEÇAS E ACESSÓRIOS,https://www.inthemine.com.br/site/category/guia-itm/pecas-e-acessorios/,"Esta notícia técnica aborda avanços e expansões estratégicas para otimizar a manutenção e a vida útil de equipamentos pesados no setor de mineração. Destacam-se as soluções de suspensão, calços e revestimentos de borracha de alta resistência, que visam aumentar o desempenho e a durabilidade, com foco na sustentabilidade. A gestão da manutenção é aprimorada por elementos filtrantes customizados e o monitor inteligente Senzit, que digitaliza o controle de filtros de ar. Além disso, a expansão logística com novas filiais e a distribuição de um vasto portfólio de peças de reposição e inovações para deslocamento de equipamentos, como a parceria com a Sleipner Finland, reforçam o suporte operacional e a eficiência na gestão de ativos em campo.",#EquipamentosMinerários #ManutençãoIndustrial #CadeiaDeSuprimentos,18/03/2026
In The Mine,LEGADO VERDE DA INB REGENERA O SERTÃO BAIANO,https://www.inthemine.com.br/site/legado-verde-da-inb-regenera-o-sertao-baiano/,"A Unidade de Concentração de Urânio (URA) da Indústrias Nucleares do Brasil (INB) em Caetité, Bahia, estabelece um benchmark em recuperação ambiental associada à mineração, demonstrando que a atividade mineral e a regeneração ecológica são compatíveis. Em 28 anos, o projeto produziu mais de 1,6 milhão de mudas nativas dos biomas Caatinga e Cerrado, reabilitando 152 hectares e promovendo a distribuição comunitária. Integrado ao Plano de Recuperação de Áreas Degradadas (PRAD) e licenciado pelo Ibama, o programa desenvolveu um centro de inteligência ambiental com sementeca, carpoteca e herbário, catalogando 600 espécies e assegurando a variabilidade genética através de rigorosas técnicas de coleta e propagação, transformando a unidade em um polo de conhecimento em flora regional.",#Mineração #ReabilitaçãoAmbiental #Urânio,17/03/2026
In The Mine,AURA ALMAS ALCANÇA PADRÃO GLOBAL EM CIANETO,https://www.inthemine.com.br/site/aura-almas-alcanca-padrao-global-em-cianeto/,"A unidade Aura Almas (Tocantins) concluiu com sucesso um ciclo de auditorias de campo, validando rigorosamente seus processos operacionais, ambientais e de segurança relacionados ao manejo do cianeto conforme os padrões do Código Internacional de Gestão do Cianeto (ICMI). Esta imersão técnica de duas semanas, liderada por auditor especialista do ICMI, cobriu todas as etapas, da recepção e armazenamento do insumo ao seu uso em planta e monitoramento ambiental, demonstrando o alinhamento da operação com as melhores práticas globais e um significativo amadurecimento em responsabilidade ESG, com vistas à formalização da certificação.",#CianetoResponsável #GestãoAmbiental #AuditoriaICMI,17/03/2026
In The Mine,Recursos Humanos,https://www.inthemine.com.br/site/category/recursos-humanos/,"Do ponto de vista de uma geóloga especialista, esta notícia destaca o investimento estratégico do setor de mineração no desenvolvimento de capital humano, essencial para a sustentabilidade operacional e a licença social em seus diversos complexos em Minas Gerais e São Paulo. A indústria está ativamente formando uma força de trabalho qualificada através de programas abrangentes de estágio, trainee e qualificação técnica – frequentemente em parceria com instituições como o SENAI – visando estudantes universitários e técnicos para funções que englobam produção, manutenção e gestão. Esta iniciativa de pipeline de talentos, focada em inovação, diversidade e elevação econômica regional, é fundamental para suprir as complexas demandas técnicas e operacionais inerentes à moderna extração e beneficiamento mineral.",#TalentoEmMineração #DesenvolvimentoRegional #SustentabilidadeMineira,18/03/2026
In The Mine,SAMARCO AMPLIA PRESENÇA FEMININA NA MINA,https://www.inthemine.com.br/site/samarco-amplia-presenca-feminina-na-mina/,"A Samarco, em uma iniciativa estratégica para diversificação de sua força de trabalho, implementou o programa afirmativo ""Elas na Operação"" no Complexo de Germano, em Mariana. Esta ação resultou na admissão de 20 novas operadoras de equipamentos de mina, cujo desenvolvimento profissional iniciou em fevereiro, e se soma à integração de outras 27 mulheres em funções de manutenção desde janeiro, evidenciando um compromisso crescente com a inclusão feminina em suas equipes operacionais.",#Mineração #InclusãoFeminina #OperaçõesDeMina,26/02/2026
In The Mine,JURUTI TERÁ PLANTIO RECORDE DE 344 MIL MUDAS,https://www.inthemine.com.br/site/juruti-tera-plantio-recorde-de-344-mil-mudas/,"A Alcoa em Juruti, Pará, projeta para 2026 um recorde de reabilitação ambiental pós-mineração, com o plantio de 344 mil mudas nativas para restaurar 310 hectares de áreas mineradas. O investimento de R$10,9 milhões visa a recomposição da biodiversidade amazônica, utilizando metodologias como o espalhamento de *topsoil* com banco de sementes e monitoramento técnico trienal, em um programa que desde 2012 já reabilitou 2.264 hectares e projeta ultrapassar 500 mil mudas anuais até 2027. O diferencial é o engajamento comunitário, envolvendo cerca de 180 famílias locais na produção e plantio, gerando renda e integrando a restauração ecológica ao desenvolvimento socioeconômico regional.",#RestauraçãoAmbiental #MineraçãoResponsável #DesenvolvimentoLocal,16/03/2026
Agência iNFRA,MME abre consultas públicas sobre regras do setor elétrico,https://agenciainfra.com/blog/mme-abre-consultas-publicas-sobre-regras-do-setor-eletrico/,"O MME abriu duas consultas públicas cruciais para a modernização do setor elétrico brasileiro, com implicações indiretas para o planejamento e desenvolvimento de infraestrutura associada à mineração. A primeira visa aprimorar a formação de preços e contabilização no mercado de curto prazo, propondo um modelo híbrido e dupla contabilização para melhor integrar fontes renováveis variáveis e geração distribuída, buscando transparência e eficiência. A segunda consulta foca na Política Nacional de Acesso ao Sistema de Transmissão (Pnast), introduzindo ""Temporadas de Acesso"" que substituirão a ordem de chegada por análises técnicas e competitivas para conexão, visando maior previsibilidade para investidores e otimização do planejamento setorial. Essas medidas são fundamentais para a estabilidade e expansão da matriz energética, influenciando a demanda por recursos minerais para sua infraestrutura.",#SetorElétrico #RegulaçãoEnergética #TransiçãoEnergética,02/03/2026
Agência iNFRA,ANTT abre consulta sobre futuro da Ferrovia Tereza Cristina,https://agenciainfra.com/blog/antt-abre-consulta-sobre-futuro-da-ferrovia-tereza-cristina/,"A Agência Nacional de Transportes Terrestres (ANTT) abriu um processo de participação social para a prorrogação antecipada da concessão da Ferrovia Tereza Cristina (FTC), uma infraestrutura de transporte estratégica em Santa Catarina, fundamental para a cadeia de valor da mineração local. Como geólogo, destaco a vital importância desta malha de 163 km por sua função primária de conectar a região carbonífera do sul catarinense ao polo termelétrico de Capivari de Baixo e ao Porto de Imbituba, garantindo o escoamento e suprimento de carvão mineral. A análise da renovação, que contempla estudos de demanda, engenharia e impactos ambientais, é crucial para a sustentabilidade da exploração e beneficiamento do carvão em um contexto de transição energética, impactando diretamente a viabilidade econômica e operacional dos ativos minerais e energéticos da região.",#CarvãoMineral #LogísticaMinerária #InfraestruturaMinerária,02/03/2026
Agência iNFRA,Projetos de energia e mineração podem atrair R$ 4 tri até 2035,https://agenciainfra.com/blog/projetos-de-energia-e-mineracao-podem-atrair-r-4-tri-ate-2035/,"O Ministério de Minas e Energia (MME), através do ""Book de Empreendimentos – Minas e Energia 2026"", delineou uma carteira estratégica robusta para os setores de mineração e energia, projetando R$ 1,2 trilhão em investimentos em execução até 2032 e um potencial de R$ 4 trilhões até 2035. Este levantamento técnico consolida a posição do Brasil como protagonista global na transição energética, evidenciando a crucial demanda por minerais críticos. Para um geólogo, a publicação sinaliza um horizonte de intensa atividade em prospecção, pesquisa e desenvolvimento mineral, especialmente para recursos essenciais à descarbonização, sublinhando a importância da gestão e avaliação de jazidas para a sustentabilidade e segurança do suprimento.",#MineraisCríticos #InvestimentoMineral #TransiçãoEnergética,26/02/2026
Agência iNFRA,"MME lança plataforma com dados de energia, mineração, petróleo e gás",https://agenciainfra.com/blog/mme-lanca-plataforma-com-dados-de-energia-mineracao-petroleo-e-gas/,"O MME lançou a plataforma digital OMNE (Observatório de Minas e Energia), que centraliza e disponibiliza dados públicos atualizados sobre os setores energético e mineral, incluindo uma seção específica de ""Geologia e Mineração"". Do ponto de vista geológico, esta ferramenta representa um avanço significativo na governança setorial, ao oferecer acesso transparente e integrado a informações cruciais para a prospecção mineral, avaliação de recursos, gestão ambiental e formulação de políticas públicas. A plataforma, ao consolidar dados dispersos, capacita pesquisadores, gestores e a sociedade a realizar análises mais embasadas e a monitorar de forma efetiva o desenvolvimento e a sustentabilidade das atividades de mineração e exploração geológica no país.",#DadosMinerais #GovernançaMineral #Geoinformação,25/02/2026
Agência iNFRA,MME formaliza assinaturas de contratos do Leilão de Transmissão 4/2025,https://agenciainfra.com/blog/mme-formaliza-assinaturas-de-contratos-do-leilao-de-transmissao-4-2025/,"Como geólogo especialista, a formalização dos contratos do Leilão de Transmissão 4/2025, com R$ 5,5 bilhões destinados à implantação de 1.081 km de linhas e 2.000 MVA de capacidade, representa um projeto de infraestrutura de grande escala com implicações geológicas significativas. A elaboração dos projetos e o licenciamento ambiental exigirão aprofundados estudos geotécnicos e geológicos para a seleção de rotas otimizadas, avaliação da estabilidade de taludes e solos para as fundações de torres e subestações, além da identificação de riscos geológicos. Esta expansão, vital para a segurança energética e a transição para uma matriz mais limpa, indiretamente impacta a demanda por agregados e outros materiais de construção provenientes do setor de recursos minerais, além de viabilizar o escoamento de energia de futuras fontes, incluindo as renováveis, que dependem de complexas cadeias de suprimentos minerais. A resiliência do sistema elétrico frente a mudanças climáticas também se apoia na compreensão da geologia local para mitigar erosão, subsidência e outros fenômenos geodinâmicos.",#InfraestruturaEnergética #Geotecnia #RecursosMinerais,24/02/2026
Agência iNFRA,União e MG iniciam modelagem de concessão de saneamento no Vale do Rio Doce,https://agenciainfra.com/blog/uniao-e-mg-iniciam-modelagem-de-concessao-de-saneamento-no-vale-do-rio-doce/,"Este projeto de concessão de saneamento básico no Vale do Rio Doce, com um investimento de R$ 7,5 bilhões provenientes do acordo de reparação pelo rompimento da Barragem do Fundão, representa uma resposta multifacetada às consequências socioambientais de um desastre minerário de grande escala. Do ponto de vista geológico e hidrológico, a iniciativa é crucial para a recuperação e proteção dos recursos hídricos superficiais e subterrâneos da bacia, mitigando a contaminação e garantindo a universalização dos serviços de água e esgoto até 2033. A estruturação dessas infraestruturas exigirá estudos geológicos e geotécnicos detalhados para garantir a estabilidade e eficiência dos sistemas em uma região com complexa geologia e hidrografia, transformando passivos ambientais em investimentos em sustentabilidade regional.",#ReparaçãoAmbiental #SaneamentoBásico #GeologiaAplicada,23/02/2026
Agência iNFRA,AGU afasta cobrança por extração mineral irregular em obras,https://agenciainfra.com/blog/agu-afasta-cobranca-por-extracao-mineral-irregular-em-obras/,"A Advocacia-Geral da União (AGU) consolidou o entendimento de que a ausência do Registro de Extração – um título que permite a extração de recursos minerais para obras públicas sem comercialização – configura uma irregularidade administrativa. Entretanto, esta falha regulatória não se equipara automaticamente à lavra ilegal nem implica, por si só, a obrigação de indenizar o Estado pelo valor do minério. A medida visa trazer segurança jurídica ao setor, alinhando-se à jurisprudência e à Agência Nacional de Mineração (ANM), mas reforça que gestores continuam sujeitos a sanções administrativas, além de responsabilizações mais amplas em casos de descumprimento do Código de Mineração, ausência de licenciamento ambiental, violação de direitos trabalhistas ou efetivo dano ambiental, mantendo o controle regulatório e a fiscalização para o interesse público.",#DireitoMinerário #Regulamentação #SegurançaJurídica,20/02/2026
Agência iNFRA,MME publica agenda de eficiência energética até 2028,https://agenciainfra.com/blog/mme-publica-agenda-de-eficiencia-energetica-ate-2028/,"Como geólogo especialista, destaco que a notícia, embora emanada do MME, foca predominantemente na atualização da agenda regulatória do CGIEE para o triênio 2026-2028, com um escopo voltado à eficiência energética e não diretamente a temas de geologia, prospecção ou lavra mineral. O planejamento visa à elaboração e revisão de normas para estabelecer índices mínimos de eficiência para diversos equipamentos, como lâmpadas LED, refrigeradores comerciais, condicionadores de ar e bombas, além de propor um plano de apoio para edificações. Os processos regulatórios incluem Análise de Impacto Regulatório (AIR) e consultas públicas, visando transparência. Embora essas regulamentações possam, de forma secundária, influenciar o consumo energético em instalações de apoio da indústria mineral, seu foco primário é a gestão da demanda energética em setores de consumo final, e não a geociência aplicada a recursos minerais.",#EficiênciaEnergética #RegulaçãoMME #Sustentabilidade,19/02/2026
In The Mine,TIME-TO-MINE: ESTÁGIOS DE DESENVOLVIMENTO E O CICLO DE VIDA,https://www.inthemine.com.br/site/time-to-mine-estagios-de-desenvolvimento-e-o-ciclo-de-vida/,"A lentidão no desenvolvimento de projetos minerais, essencial para a transição energética, não se deve primariamente a desafios geológicos, de engenharia ou metalúrgicos, mas sim a falhas críticas na gestão de dados e processos internos. Atrasos são frequentemente causados por informações incompletas, inconsistentes ou não rastreáveis, retrabalho contínuo, decisões baseadas em premissas não validadas e perda de conhecimento ao longo do fluxo de trabalho, resultando em riscos técnicos elevados, aumento de custos e postergação da produção. A 'Aceleração Responsável' e o 'GeoData Quality Management (GDQM)' propõem mitigar estes atrasos através do fortalecimento da governança corporativa, da transparência decisória e, fundamentalmente, da garantia da qualidade, rastreabilidade e integridade dos dados geológicos e técnicos. Essa abordagem é vital para a progressão segura e valorização de projetos, da exploração à consolidação de reservas, onde a redução da incerteza é intrínseca à gestão eficaz da informação e à otimização da curva de valor.",#GestãoDeDados #AceleraçãoMineral #QualidadeGeológica,02/03/2026
In The Mine,NEXA RESOURCES REGISTRA EBITDA DE US$772 M,https://www.inthemine.com.br/site/nexa-resources-registra-ebitda-de-us772-m/,"A Nexa Resources demonstrou em 2025 uma notável recuperação financeira, revertendo prejuízos para lucro líquido, impulsionada principalmente pela valorização de um portfólio polimetálico que inclui zinco, prata, ouro, cobre e chumbo, e por um desempenho operacional robusto. Sob uma perspectiva geológico-minerária, a companhia cumpriu integralmente seu guidance consolidado de produção, com destaque para a otimização contínua e o forte desempenho da mina de Aripuanã, que alcançou produção recorde e aprimoramentos significativos na eficiência da planta, bem como o progresso consistente no Projeto de Integração Cerro Pasco. Crucialmente, os resultados positivos de exploração mineral reportados indicam um promissor potencial para extensão da vida útil das minas existentes, reforçando a base de recursos e reservas da empresa para sustentabilidade a longo prazo, apesar dos desafios pontuais em segurança na mina de El Porvenir.",#ExploraçãoMineral #VidaÚtilMina #Zinco,27/02/2026
In The Mine,BRAZILIAN NICKEL APRESENTA NOVA IDENTIDADE,https://www.inthemine.com.br/site/brazilian-nickel-apresenta-nova-identidade/,"A Brazilian Nickel, empresa especializada na exploração de níquel, anuncia um rebranding estratégico que unifica sua identidade corporativa e reafirma seu posicionamento como fornecedor global de níquel para a cadeia de transição energética. O pilar técnico de suas operações é o Projeto Piauí Níquel, onde se aplica a lixiviação em pilha de lateritas de níquel – uma metodologia de extração metalúrgica reconhecida pela eficiência econômica e baixas emissões de CO₂, visando a produção de MHP (Mixed Hydroxide Precipitate) com alto teor de níquel e reduzidas impurezas. Esta abordagem técnica, focada na otimização da recuperação de níquel a partir de depósitos lateríticos geoquimicamente favoráveis, alinha-se ao compromisso com a inovação, inteligência de processos e sustentabilidade ambiental, essencial para o fornecimento de minerais críticos demandados por um futuro de baixo carbono, e prepara a empresa para futura expansão de projetos.",#NíquelLaterítico #MineraisCríticos #LixiviaçãoEmPilha,27/02/2026
In The Mine,MINAS SUBTERRÂNEAS DE MINÉRIO DE FERRO,https://www.inthemine.com.br/site/minas-subterraneas-de-minerio-de-ferro/,"A transição global para a lavra subterrânea de minério de ferro, atualmente representando cerca de 10-12% das minas mundiais e concentrada em países como China e Suécia, é impulsionada pela exaustão de depósitos rasos e pelo aumento da profundidade e custos operacionais das cavas a céu aberto. Métodos como *sub-level stoping* e *sub-level caving* são predominantemente aplicados para acessar reservas mais profundas, frequentemente de menor teor, otimizando o aproveitamento do recurso mineral. O Brasil, segundo maior exportador de minério de ferro, apresenta um cenário de potencial significativo para adotar essa modalidade, apesar de ainda não possuir operações subterrâneas, dada a existência de reservas profundas. A análise geomecânica e de custos é fundamental para viabilizar essa mudança estratégica e tecnologicamente complexa, assegurando a continuidade do suprimento para a demanda crescente de aço e mitigando desafios econômicos e ambientais da superfície.",#LavraSubterrânea #MinérioFerro #Geomecânica,26/02/2026
In The Mine,PORTAL DE INFORMAÇÕES GEOGRÁFICAS,https://www.inthemine.com.br/site/portal-de-informacoes-geograficas/,"O INPE, através do recém-lançado BIG – Portal de Informações Geográficas, disponibiliza uma plataforma robusta de dados geoespaciais, fundamentais para a geologia e a indústria de mineração. Esta ferramenta facilita o acesso a imagens de satélite de alta resolução, modelagem 3D de áreas de interesse, dados climáticos e meteorológicos, e produtos para monitoramento do uso e cobertura do solo e do desmatamento em biomas brasileiros. Para o geólogo, o portal é um recurso técnico indispensável para o planejamento de prospecção, avaliação de impactos ambientais (EIA), gestão territorial e conformidade regulatória, integrando dados em ambientes de ciência e computação em nuvem para análises geoespaciais avançadas.",#Geoprocessamento #MineraçãoSustentável #DadosGeoespaciais,26/02/2026
In The Mine,AURA EXPANDE RESERVAS NA MINA BORBOREMA,https://www.inthemine.com.br/site/aura-expande-reservas-na-mina-borborema/,"A Aura Minerals, por meio de um acordo de cooperação com o DNIT para realocação de uma rodovia federal, destravou um avanço geológico-mineração significativo na Mina Borborema, no Rio Grande do Norte. Este acordo permitiu a conversão imediata de uma parcela relevante de Recursos Minerais Indicados em Reservas Minerais Prováveis, conforme detalhado na atualização do Relatório Técnico. Como resultado direto, a base de Reservas Minerais de ouro da companhia foi expandida em 82%, alcançando aproximadamente 1,5 milhão de onças. Essa elevação substancial valida o potencial de expansão do depósito e otimiza o plano de lavra, abrindo caminho para futuras avaliações de teores de corte mais flexíveis em cenários de preços de ouro elevados, prometendo novas ampliações de reservas e aprimoramento do valor econômico do projeto.",#MineraçãoOuro #ReservasMinerais #GeologiaEconômica,26/02/2026
Agência iNFRA,MPF pede paralisação de trecho da Ferrovia Carajás no PA,https://agenciainfra.com/blog/mpf-pede-paralisacao-de-trecho-da-ferrovia-carajas-no-pa/,"O Ministério Público Federal (MPF) ajuizou ação civil pública contra a mineradora Vale e o Ibama, buscando a paralisação imediata da segunda linha da Estrada de Ferro Carajás no trecho que atravessa a Terra Indígena Mãe Maria. A ação aponta a operação sem Licença de Operação (LO) específica e a ausência da Consulta Prévia, Livre e Informada (CPLI) às comunidades afetadas. Um parecer técnico do Ibama corroborou impedimentos, registrando degradação de recursos hídricos, poluição sonora e, criticamente, detecção de bioacumulação de mercúrio em cursos d’água e peixes, além de inadequada destinação de resíduos da infraestrutura ferroviária. O MPF demanda a suspensão das operações, fiscalização rigorosa e indenização por danos morais coletivos devido aos comprovados impactos socioambientais.",#ImpactoAmbiental #BioacumulaçãoDeMercúrio #LicenciamentoAmbiental,16/03/2026
Agência iNFRA,Motiva prorroga concessão da Rota Mogiana até junho,https://agenciainfra.com/blog/motiva-prorroga-concessao-da-rota-mogiana-ate-junho/,"Como geólogo especialista, a notícia descreve tecnicamente a formalização de um termo aditivo entre a Renovias Concessionária S.A. e o Governo de São Paulo, prorrogando a concessão da Rota Mogiana até 30 de junho de 2026. Esta extensão é uma medida estratégica para garantir a **continuidade operacional** da infraestrutura rodoviária e assegurar uma **transição ordenada** ao futuro concessionário, prevenindo qualquer interrupção nos serviços essenciais enquanto se aguarda a homologação do novo processo licitatório. Embora o escopo direto seja infraestrutura rodoviária e não mineração, a gestão e a estabilidade das **concessões de infraestrutura** são cruciais para o suporte logístico e o escoamento de produção de diversos setores, incluindo o mineral.",#ConcessãoRodoviária #Infraestrutura #ContinuidadeOperacional,16/03/2026
In The Mine,"MERIDIAN CAPTA C$ 57,5 MILHÕES",https://www.inthemine.com.br/site/meridian-capta-c-575-milhoes/,Pendente,,16/03/2026
In The Mine,NEODÍMIO EXIGE VISÃO ALÉM DO PREÇO,https://www.inthemine.com.br/site/neodimio-exige-visao-alem-do-preco/,Pendente,,16/03/2026
In The Mine,AGENDA DE EVENTOS DE MINERAÇÃO,https://www.inthemine.com.br/site/agenda-de-eventos-de-mineracao/,Pendente,,16/03/2026
In The Mine,AUSENCO NOMEIA NOVA VICE-PRESIDENTE NO BRASIL,https://www.inthemine.com.br/site/ausenco-nomeia-nova-vice-presidente-no-brasil/,Pendente,,16/03/2026
In The Mine,SGB MAPEIA POTENCIAL MINERAL NA BA E MG,https://www.inthemine.com.br/site/sgb-mapeia-potencial-mineral-na-ba-e-mg/,Pendente,,16/03/2026
In The Mine,ST GEORGE COMPRA ÁREAS EM ARAXÁ (MG),https://www.inthemine.com.br/site/st-george-compra-areas-em-araxa-mg/,Pendente,,16/03/2026
In The Mine,"BNDES LIBERA R$ 715,9 MILHÕES PARA A CBA",https://www.inthemine.com.br/site/bndes-libera-r-7159-milhoes-para-a-cba/,Pendente,,16/03/2026
In The Mine,VOTORANTIM CIMENTOS ACELERA PLANO DE INVESTIMENTOS DE R$ 5 BI,https://www.inthemine.com.br/site/votorantim-cimentos-acelera-plano-de-investimentos-de-r-5-bi/,Pendente,,16/03/2026
In The Mine,GERDAU ABRE 26 VAGAS DE ESTÁGIO PARA REDE DE DISTRIBUIÇÃO,https://www.inthemine.com.br/site/gerdau-abre-26-vagas-de-estagio-para-rede-de-distribuicao/,Pendente,,16/03/2026
In The Mine,NEXA APOIA OITO ORGANIZAÇÕES EM EDITAL SOCIAL,https://www.inthemine.com.br/site/nexa-apoia-oito-organizacoes-em-edital-social/,Pendente,,16/03/2026
In The Mine,ANGLOGOLD ASHANTI TRIPLICA FLUXO DE CAIXA,https://www.inthemine.com.br/site/anglogold-ashanti-triplica-fluxo-de-caixa/,Pendente,,16/03/2026
In The Mine,ATLAS REFORÇA EQUIPE COM NOVO DIRETOR TÉCNICO,https://www.inthemine.com.br/site/atlas-reforca-equipe-com-novo-diretor-tecnico/,Pendente,,16/03/2026
In The Mine,BRASIL ARTICULA AGENDA NA PDAC 2026,https://www.inthemine.com.br/site/brasil-articula-agenda-na-pdac-2026/,Pendente,,16/03/2026
In The Mine,EDIÇÃO 119: ESPECIAL IÇAMENTO E TRANSPORTE,https://www.inthemine.com.br/site/edicao-119-especial-icamento-e-transporte/,Pendente,,16/03/2026
In The Mine,XCMG LEVA NOVOS EQUIPAMENTOS À MARMOMAC 2026,https://www.inthemine.com.br/site/xcmg-leva-novos-equipamentos-a-marmomac-2026/,Pendente,,16/03/2026
In The Mine,ANGLO AMERICAN DIVULGA RESULTADOS DE 2025,https://www.inthemine.com.br/site/anglo-american-divulga-resultados-de-2025/,Pendente,,16/03/2026
In The Mine,"fevereiro 15, 2026março 2, 2026",https://www.inthemine.com.br/site/feliz-ano-velho/,Pendente,,16/03/2026
In The Mine,MINAS-RIO MANTÉM NÍVEL 75 EM AVALIAÇÃO GLOBAL,https://www.inthemine.com.br/site/minas-rio-mantem-nivel-75-em-avaliacao-global/,Pendente,,16/03/2026
In The Mine,MINERAÇÃO EM TIS: STF APONTA OMISSÃO E DEFINE REGRAS PROVISÓRIAS,https://www.inthemine.com.br/site/mineracao-em-tis-stf-aponta-omissao-e-define-regras-provisorias/,Pendente,,16/03/2026
In The Mine,CORTE INGLESA CONFIRMA QUITAÇÃO DE 40% NA AÇÃO CONTRA A BHP,https://www.inthemine.com.br/site/corte-inglesa-confirma-quitacao-de-40-na-acao-contra-a-bhp/,Pendente,,16/03/2026
In The Mine,PAINEL DO SGB MAPEIA OCORRÊNCIAS DE NÍQUEL NO PAÍS,https://www.inthemine.com.br/site/painel-do-sgb-mapeia-ocorrencias-de-niquel-no-pais/,Pendente,,16/03/2026
In The Mine,PABLO CESÁRIO ASSUME DIRETORIA E PRESIDÊNCIA IBRAM,https://www.inthemine.com.br/site/pablo-cesario-assume-diretoria-e-presidencia-ibram/,Pendente,,16/03/2026
In The Mine,XCMG BRASIL ANUNCIA NOVO DIRETOR COMERCIAL,https://www.inthemine.com.br/site/xcmg-brasil-anuncia-novo-diretor-comercial/,Pendente,,16/03/2026
In The Mine,DEMAREST INCORPORA ESCRITÓRIO WILLIAM FREIRE EM MG,https://www.inthemine.com.br/site/demarest-incorpora-escritorio-william-freire-em-mg/,Pendente,,16/03/2026
In The Mine,SETOR MINERAL REGISTRA FORTE ALTA ECONÔMICA EM 2025,https://www.inthemine.com.br/site/setor-mineral-registra-forte-alta-economica-em-2025/,Pendente,,16/03/2026
In The Mine,MASSARI FÉRTIL E MORRO VERDE CRIAM GIGANTE DOS INSUMOS,https://www.inthemine.com.br/site/massari-fertil-e-morro-verde-criam-gigante-dos-insumos/,Pendente,,16/03/2026
In The Mine,SILOS DE CARVÃO GROSSO E FINO EM SIDERÚRGICA,https://www.inthemine.com.br/site/silos-de-carvao-grosso-e-fino-em-siderurgica/,Pendente,,16/03/2026
In The Mine,INSTALAÇÃO DE COMPONENTES DE BRITAGEM PRIMÁRIA,https://www.inthemine.com.br/site/instalacao-de-componentes-de-britagem-primaria/,Pendente,,16/03/2026
In The Mine,REVITALIZAÇÃO DE USINA SIDERÚRGICA EM PECÉM,https://www.inthemine.com.br/site/revitalizacao-de-usina-siderurgica-em-pecem/,Pendente,,16/03/2026
In The Mine,INTERVENÇÃO PLANEJADA EM ESPESSADOR DE CONCENTRADO,https://www.inthemine.com.br/site/intervencao-planejada-em-espessador-de-concentrado/,Pendente,,16/03/2026
In The Mine,REMOÇÃO TÉCNICA PARA TROCA DE QUEIMADORES,https://www.inthemine.com.br/site/remocao-tecnica-para-troca-de-queimadores/,Pendente,,16/03/2026
In The Mine,NOS BASTIDORES DA NOVA UTM 2 DE MIGUEL BURNIER,https://www.inthemine.com.br/site/nos-bastidores-da-nova-utm-2-de-miguel-burnier/,Pendente,,16/03/2026
In The Mine,"PLANEJAMENTO, EXPERIÊNCIA E INOVAÇÃO",https://www.inthemine.com.br/site/planejamento-experiencia-e-inovacao/,Pendente,,16/03/2026
In The Mine,MOVIMENTAÇÃO DE CARGAS EM PROJETOS DE MINERAÇÃO,https://www.inthemine.com.br/site/movimentacao-de-cargas-em-projetos-de-mineracao/,Pendente,,16/03/2026
In The Mine,NOVO ALVO REFORÇA PROJETO DE TERRAS RARAS EM MG,https://www.inthemine.com.br/site/novo-alvo-reforca-projeto-de-terras-raras-em-mg/,Pendente,,16/03/2026
In The Mine,SAMARCO: RECORDE DE PRODUÇÃO DESDE A RETOMADA,https://www.inthemine.com.br/site/samarco-atinge-recorde-de-producao-em-2025/,Pendente,,16/03/2026
In The Mine,SGB PUBLICA CARTAS GEOLOGICAS DO QUADRILATERO,https://www.inthemine.com.br/site/sgb-publica-cartas-geologicas-do-quadrilatero/,Pendente,,16/03/2026
In The Mine,MINERAÇÃO AVANÇA NA DESCARBONIZAÇÃO GLOBAL,https://www.inthemine.com.br/site/mineracao-avanca-na-descarbonizacao-global/,Pendente,,16/03/2026
In The Mine,SGB APONTA POTENCIAL DE FOSFATO NO JATOBÁ (PE),https://www.inthemine.com.br/site/sgb-aponta-potencial-de-fosfato-no-jatoba-pe/,Pendente,,16/03/2026
In The Mine,SGB REVELA POTENCIAL DO RIO GRANDE DO SUL PARA MATERIAIS CERÂMICOS,https://www.inthemine.com.br/site/sgb-revela-potencial-do-rio-grande-do-sul-para-materiais-ceramicos/,Pendente,,16/03/2026
In The Mine,CMOC ASSUME OPERAÇÕES DA EQUINOX GOLD NO BRASIL,https://www.inthemine.com.br/site/cmoc-assume-operacoes-da-equinox-gold-no-brasil/,Pendente,,16/03/2026
In The Mine,PMES GO GREEN PROMOVE WORKSHOPS DE INOVAÇÃO,https://www.inthemine.com.br/site/pmes-go-green-promove-workshops-de-inovacao/,Pendente,,16/03/2026
In The Mine,BRAZILIAN NICKEL FECHA PARCERIA PARA MERCADO DOS EUA,https://www.inthemine.com.br/site/brazilian-nickel-fecha-parceria-para-mercado-dos-eua/,Pendente,,16/03/2026
In The Mine,APPIAN BATE RECORDE E EXPORTA 121 MIL T DE NÍQUEL,https://www.inthemine.com.br/site/appian-bate-recorde-e-exporta-121-mil-t-de-niquel/,Pendente,,16/03/2026
In The Mine,ATLAS CRITICAL MINERALS INICIA NEGOCIAÇÕES NA NASDAQ,https://www.inthemine.com.br/site/atlas-critical-minerals-inicia-negociacoes-na-nasdaq/,Pendente,,16/03/2026
Agência iNFRA,ANTT abre reunião participativa sobre concessão da Ecovias Rio Minas,https://agenciainfra.com/blog/antt-abre-reuniao-participativa-sobre-concessao-da-ecovias-rio-minas/,Pendente,,16/03/2026
In The Mine,SGB LANÇA MAPA GEOLÓGICO DO BRASIL EM INGLÊS,https://www.inthemine.com.br/site/sgb-lanca-mapa-geologico-do-brasil-em-ingles/,"O Serviço Geológico do Brasil (SGB) lançou, na PDAC 2026, a versão em inglês do Mapa Geológico do Brasil (Escala 1:5.000.000), consolidando uma base cartográfica geológica atualizada e oficial para o planejamento territorial e a prospecção mineral e energética. Esta iniciativa estratégica visa ampliar o alcance internacional do potencial geomineral brasileiro, atraindo investimentos e facilitando o acesso de empresas e instituições estrangeiras a informações geocientíficas robustas. A publicação incorpora dados e interpretações recentes, reforçando o alinhamento do Brasil com a demanda global por minerais críticos e estratégicos, essenciais para a transição energética e tecnológica.",#CartografiaGeológica #ProspecçãoMineral #MineraisCríticos,16/03/2026
In The Mine,LANÇAMENTO DA ALMA NA PDAC EM TORONTO,https://www.inthemine.com.br/site/lancamento-da-alma-na-pdac-em-toronto/,"A Aliança Latino-Americana de Mineração (ALMA) foi formalmente lançada na convenção PDAC em Toronto, com o objetivo de unificar a visão regional para uma mineração moderna e sustentável na América Latina. A iniciativa visa coordenar governos, empresas e a sociedade civil para atrair investimentos responsáveis, elevar os padrões ambientais e sociais (ESG), e combater a mineração ilegal. Reconhecendo a importância estratégica das reservas geológicas da região, como cobre e lítio, essenciais para a transição energética global, a ALMA busca consolidar uma liderança regional baseada não apenas nos recursos minerais, mas também em marcos institucionais robustos e na garantia da legitimidade social para a exploração e desenvolvimento desses ativos.",#MineraçãoSustentável #TransiçãoEnergética #LicençaSocial,16/03/2026
In The Mine,CBPM INTEGRA A DELEGAÇÃO BRASILEIRA NO PDAC EM TORONTO,https://www.inthemine.com.br/site/cbpm-integra-a-delegacao-brasileira-no-pdac-em-toronto/,"Na maior convenção global de mineração, a PDAC, a Companhia Baiana de Produção Mineral (CBPM) posicionou estrategicamente o potencial geológico da Bahia, focando na atração de investimentos para minerais críticos e estratégicos. A presença visou inserir o estado no suprimento global de commodities essenciais à transição energética e à segurança das cadeias produtivas, através de reuniões com *majors* e instituições financeiras. Destaca-se a promoção do projeto de grafita de Ipirá, um ativo geológico chave, buscando consolidar a Bahia como um polo fornecedor relevante em um cenário de crescente demanda e reconfiguração geopolítica dos recursos minerais.",#MineraisCríticos #TransiçãoEnergética #ProspecçãoMineral,16/03/2026
In The Mine,A MOVIMENTAÇÃO DE CARGAS EXCEPCIONAIS EM MINAS E USINAS,https://www.inthemine.com.br/site/a-movimentacao-de-cargas-excepcionais-em-minas-e-usinas/,Pendente,,16/03/2026
In The Mine,SGB PARTICIPA DA DELEGAÇÃO BRASILEIRA NA PDAC,https://www.inthemine.com.br/site/sgb-participa-da-delegacao-brasileira-na-pdac/,Pendente,,16/03/2026
In The Mine,AS DEMOISELLES COIFFÉES DE GOIÁS,https://www.inthemine.com.br/site/as-demoiselles-coiffees-de-goias/,Pendente,,16/03/2026
Agência iNFRA,Justiça suspende mineração na Serra do Curral e multa ANM em R$ 4 mi,https://agenciainfra.com/blog/justica-suspende-mineracao-na-serra-do-curral-e-multa-anm-em-r-4-mi/,"A Justiça Federal determinou a interrupção de 57 processos minerários na Serra do Curral, Minas Gerais, fundamentando a decisão na incompatibilidade da atividade extrativa com a geoconservação e integridade paisagística do Monumento Natural e APA. A Agência Nacional de Mineração (ANM) foi multada por reincidência no descumprimento de proibições judiciais de 2018, que já vetavam novos direitos minerários na área, além de ter autorizado ilegalmente empreendimentos e falhado na fiscalização. A sentença também invalidou uma portaria do Iphan que havia reduzido a área tombada sem amparo técnico, reforçando a necessidade de proteção contra a degradação do patrimônio geológico e cultural da região.",#SerraDoCurral #Geoconservação #FiscalizaçãoMinerária,16/03/2026
Agência iNFRA,Justiça confirma regra da ANM para cálculo de royalties da mineração,https://agenciainfra.com/blog/justica-confirma-regra-da-anm-para-calculo-de-royalties-da-mineracao/,"A Justiça Federal, em consonância com a ANM, confirmou que taxas estaduais de fiscalização minerária não podem ser deduzidas da base de cálculo da CFEM, reafirmando o caráter da compensação como receita patrimonial da União e distinguindo-a das taxas pelo exercício do poder de polícia estatal. A decisão estabelece que apenas tributos diretamente vinculados à comercialização do produto mineral são passíveis de dedução da receita bruta, conforme as Leis 8.001/90 e 13.540/17, garantindo maior segurança jurídica na apuração dos royalties da mineração e na sua distribuição.",#CFEM #RegulaçãoMinerária #BaseDeCálculo,16/03/2026
In The Mine,GOIÁS E JAPÃO UNEM FORÇAS EM MINERAIS CRÍTICOS,https://www.inthemine.com.br/site/goias-e-japao-unem-forcas-em-minerais-criticos/,"O Memorando de Entendimento (MoU) assinado entre a Organização Japonesa para Metais e Segurança Energética (JOGMEC) e a Autoridade de Minerais Críticos do Estado de Goiás (Amic) formaliza uma parceria estratégica para o desenvolvimento e verticalização da cadeia produtiva de minerais críticos no estado brasileiro, com foco especial nas substanciais reservas de Terras Raras (TR), incluindo as pesadas. Esta colaboração visa transcender a mera extração do minério bruto, priorizando a pesquisa, a transferência de tecnologia e o beneficiamento local para agregar valor, gerar empregos e impulsionar a industrialização em Goiás. Para o Japão, a iniciativa garante a segurança e resiliência de suas cadeias de suprimento de insumos vitais para tecnologias avançadas e a transição energética global, em troca de expertise em exploração e processamento mineral.",#MineraisCríticos #TerrasRaras #Beneficiamento,16/03/2026
In The Mine,PRÊMIO CBMM 2026 ABRE INSCRIÇÕES PARA PESQUISADORES,https://www.inthemine.com.br/site/premio-cbmm-2026-abre-inscricoes-para-pesquisadores/,"A CBMM, líder global na produção e comercialização de Nióbio, anuncia a oitava edição de seu Prêmio de Ciência e Tecnologia 2026, com inscrições até 24 de abril, reafirmando seu compromisso estratégico com P&D contínuo. A premiação visa valorizar e impulsionar profissionais que contribuem significativamente para o avanço científico e tecnológico brasileiro, abrangendo explicitamente áreas críticas para o setor mineral como Ciências da Terra e Engenharias. Ao reconhecer e incentivar inovações, a CBMM busca fortalecer o ecossistema científico nacional e promover soluções de impacto real e duradouro, desde a prospecção e beneficiamento de recursos minerais até o desenvolvimento de materiais e processos avançados, com dois vencedores recebendo R$ 700 mil cada.",#Nióbio #P&D #CiênciasDaTerra,16/03/2026
In The Mine,INVESTIMENTO SOCIAL IMPULSIONA 11 NEGÓCIOS EM MG,https://www.inthemine.com.br/site/investimento-social-impulsiona-11-negocios-em-mg/,"A AngloGold Ashanti, por meio do programa ""Parcerias Sustentáveis"", está investindo estrategicamente em 11 empreendimentos sociais e econômicos em sete municípios de Minas Gerais com forte influência minerária, como Nova Lima e Sabará. Este programa destina R$ 60 mil, capacitação técnica e mentorias para fortalecer o empreendedorismo local em áreas como turismo, cultura e bem-estar, com o objetivo de gerar renda e valorização regional. Do ponto de vista de um geólogo especialista, esta iniciativa é uma aplicação técnica de gestão de risco e obtenção de Licença Social para Operar (LSO), onde o investimento em desenvolvimento comunitário e resiliência socioeconômica das áreas de influência direta das operações minerárias se torna um componente crítico para a sustentabilidade e aceitação de longo prazo das atividades de extração de recursos.",#LicençaSocialParaOperar #ESGMineração #DesenvolvimentoComunitário,16/03/2026
In The Mine,SGB DIVULGA NOVOS MAPAS GEOLÓGICOS DE RONDÔNIA,https://www.inthemine.com.br/site/sgb-divulga-novos-mapas-geologicos-de-rondonia/,"O Serviço Geológico do Brasil (SGB) lançou os mapeamentos geológicos sistemáticos em escala 1:100.000 para as folhas Cacoal e Serra Azul, em Rondônia, complementando a prévia nota explicativa ""Geologia e Recursos Minerais de Rondônia"" (1:500.000). Este avanço técnico-científico aprimora significativamente o conhecimento geológico regional e o potencial de recursos minerais do estado, que possui uma geologia diversificada favorecendo a ocorrência de bens minerais estratégicos como estanho, ouro, cobre, manganês, além de uma variedade de gemas, minerais industriais e insumos agrícolas. As publicações estão acessíveis gratuitamente no Repositório Institucional de Geociências (RiGeo), fornecendo dados cruciais para a prospecção e planejamento mineral.",#MapeamentoGeológico #RecursosMinerais #Rondônia,16/03/2026
In The Mine,ESCOLA DE MINERAÇÃO INICIA TURMA EM JACOBINA,https://www.inthemine.com.br/site/escola-de-mineracao-inicia-turma-em-jacobina/,"A Jacobina Mineração Pan American Silver, em colaboração com o SENAI Bahia, estabeleceu a Escola de Mineração em Jacobina para qualificar operadores de equipamentos de mineração subterrânea (e.g., LHD, Fandrill, Jumbo). A iniciativa, que registrou 500 candidatos para 30 vagas, evidencia uma elevada demanda por mão de obra especializada no setor e o engajamento comunitário. O curso de 272 horas abrange desde fundamentos técnicos e operação de maquinário específico até segurança e responsabilidade socioambiental, visando fortalecer a sustentabilidade operacional e a cadeia produtiva mineral regional através da formação de profissionais aptos às exigências da indústria.",#QualificaçãoProfissional #MineraçãoSubterrânea #DesenvolvimentoLocal,16/03/2026
In The Mine,COMPRAS LOCAIS MOVIMENTAM R$ 100 MI NO MINAS-RIO,https://www.inthemine.com.br/site/compras-locais-movimentam-r-100-mi-no-minas-rio/,"A Anglo American, operadora do Sistema Minas-Rio, reforça seu compromisso com a sustentabilidade e o desenvolvimento local através do ""Prêmio Fornecedores de Destaque"", que celebra parcerias estratégicas que resultaram em mais de R$ 100 milhões em compras com empresas locais e 146 iniciativas sociais, beneficiando cerca de 78 mil pessoas. A premiação, que engloba pilares como segurança operacional, performance, otimização da cadeia de suprimentos e impacto socioambiental positivo, sublinha a interdependência entre a excelência técnica e a responsabilidade corporativa no setor mineral. A Metso, vencedora geral, exemplifica como a inovação e o engajamento comunitário dos fornecedores são cruciais para a resiliência operacional e a geração de valor compartilhado.",#CadeiaDeSuprimentos #ESGnaMineração #DesenvolvimentoLocal,16/03/2026
In The Mine,NEXA AMPLIA INCLUSÃO FEMININA NA MINERAÇÃO,https://www.inthemine.com.br/site/nexa-amplia-inclusao-feminina-na-mineracao/,"A Nexa Resources, alinhada ao movimento global Women in Mining e por meio de seu grupo interno ""Empodera"", demonstra um compromisso estratégico com a inclusão de gênero e o desenvolvimento de capital humano no setor mineral. A empresa implementa ações estruturadas, abrangendo desde a adaptação de infraestrutura operacional – como vestiários, uniformes e a criação de espaços dedicados em minas subterrâneas (""Espaço Delas"" em Vazante) – até políticas de conciliação vida-trabalho (licenças estendidas e auxílio-creche), além de programas de mentoria e capacitação técnica. Essas iniciativas visam não apenas ampliar a representatividade feminina (18,2% da força de trabalho, 25,3% em liderança), mas também fomentar um ambiente de trabalho seguro e equitativo em suas operações no Brasil e Peru, refletindo uma abordagem ESG para a sustentabilidade da força de trabalho.",#MineraçãoInclusiva #ESGMineração #CapitalHumano,16/03/2026
In The Mine,NOVA GERAÇÃO DE ESCAVADEIRAS LIEBHERR NA CONEXPO 2026,https://www.inthemine.com.br/site/nova-geracao-de-escavadeiras-liebherr-na-conexpo-2026/,"A Liebherr apresentou na CONEXPO-CON/AGG 2026 a evolução tecnológica de suas escavadeiras hidráulicas Generation 8, exemplificada pelos modelos R 924 G8 e R 945 G8, projetados para otimizar operações de movimentação de massa em mineração. As inovações incluem conectividade e automação avançadas, como o sistema de orientação 2D/3D da Leica Geosystems e o Bucket Fill Assist, que garantem precisão e ciclos de carregamento rápidos. A eficiência operacional é aprimorada pelo modo LPE (Liebherr Power Efficiency), reduzindo o consumo de combustível em até 10%, e pelo sistema de pesagem em tempo real integrado ao Liebherr Connect para rastreabilidade e gestão. A segurança é reforçada com o sistema Skyview 360° e abastecimento de DEF ao nível do solo, evidenciando um compromisso com alta produtividade, ergonomia e sustentabilidade em ambientes desafiadores.",#MineraçãoDigital #AutomaçãoEquipamentos #EficiênciaEnergética,16/03/2026
In The Mine,BRASIL E CANADÁ FECHAM ACORDO SOBRE NÍQUEL,https://www.inthemine.com.br/site/brasil-e-canada-fecham-acordo-sobre-niquel/,"Como geólogo especialista, o acordo de cooperação técnica formalizado no PDAC 2026 entre o Serviço Geológico do Brasil (SGB) e o Geological Survey of Canada (GSC) representa uma iniciativa estratégica crucial para a prospecção de níquel, um mineral de criticidade elevada para a transição energética global. A parceria visa otimizar a identificação de depósitos através da compreensão aprofundada dos processos geológicos de formação, concentração e preservação, utilizando uma metodologia integrada. Esta abordagem compreende a consolidação de bases geocientíficas multidisciplinares – geologia, geoquímica, geofísica e sensoriamento remoto – complementada por modelagem de potencial mineral e análise avançada com inteligência artificial, resultando na entrega de um mapa de prospectividade para níquel até o final de 2027. Tal colaboração não só eleva a capacidade técnica do SGB, mas também padroniza e qualifica dados, validando modelos prospectivos essenciais para o planejamento e desenvolvimento do setor mineral.",#Níquel #ProspecçãoGeocientífica #MineraisEstratégicos,16/03/2026
In The Mine,VOTORANTIM CIMENTOS ANTECIPA META DE LIDERANÇA FEMININA,https://www.inthemine.com.br/site/votorantim-cimentos-antecipa-meta-de-lideranca-feminina/,"A Votorantim Cimentos atingiu um marco significativo ao superar antecipadamente sua meta de 25% de mulheres em liderança global, alcançando 26% em 2025. Para a perspectiva de um geólogo, este resultado demonstra uma evolução estratégica crucial na indústria de materiais de construção e mineração, setor historicamente dominado por homens. A empresa investe em programas robustos, como a ""Trilha de Capacitação Técnica de Mulheres"", que qualifica profissionais para funções operacionais e técnicas, incluindo as áreas de Manutenção, Produção e, especificamente, Mineração. Essa abordagem proativa não apenas fortalece o capital humano feminino em posições de gestão e operação de jazidas e plantas, mas também otimiza a eficiência, a inovação e a sustentabilidade nas operações de extração e processamento de recursos minerais.",#Diversidade_Mineração #Liderança_Feminina #Recursos_Minerais,16/03/2026
In The Mine,SAMARCO AVANÇA NA CIRCULARIDADE DA MINERAÇÃO,https://www.inthemine.com.br/site/samarco-avanca-na-circularidade-da-mineracao/,Pendente,,16/03/2026
In The Mine,AGU REFORÇA REGRAS DE CÁLCULO DA CFEM,https://www.inthemine.com.br/site/agu-reforca-regras-de-calculo-da-cfem/,"A Justiça Federal em Minas Gerais, em linha com a Advocacia-Geral da União (AGU) e a Agência Nacional de Mineração (ANM), confirmou a impossibilidade de mineradoras deduzirem a Taxa de Controle, Monitoramento e Fiscalização (TFRM) estadual da base de cálculo da Compensação Financeira pela Exploração Mineral (CFEM). A decisão técnica fundamenta-se na natureza jurídica distinta de ambas as cobranças: a CFEM é um royalty federal incidente sobre a receita bruta da venda de recursos minerais, atuando como contraprestação pela exploração do bem da União; enquanto a TFRM configura uma taxa estadual de fiscalização, decorrente do poder de polícia sobre a atividade, sendo um custo operacional do minerador e não um tributo sobre a comercialização. Tal entendimento reforça a governança e a capacidade de arrecadação da União e da ANM, evitando o ""bis in idem"" e assegurando recursos para políticas públicas derivadas da exploração mineral.",#CFEM #RegulaçãoMineral #DireitoMinerário,16/03/2026
In The Mine,SÃO PAULO INICIA PLANO ESTADUAL DE MINERAÇÃO,https://www.inthemine.com.br/site/sao-paulo-inicia-plano-estadual-de-mineracao/,"A Secretaria de Meio Ambiente, Infraestrutura e Logística (Semil) de São Paulo iniciou a elaboração do Plano Estadual de Mineração 2050 (PEM 2050), um instrumento de planejamento estratégico voltado à gestão e ao desenvolvimento sustentável da mineração paulista até meados do século. Este trabalho, executado por consultores e professores da USP via FDTE, integrará diagnósticos técnicos e diretrizes que abordarão desde a caracterização dos setores produtivos – majoritariamente agregados para construção civil e água mineral – até a transformação de áreas mineradas e práticas de sustentabilidade. O objetivo é conciliar a explotação responsável de recursos minerais com a proteção ambiental, o ordenamento territorial e o fomento socioeconômico, garantindo a contribuição contínua do setor para a riqueza do Estado, com um processo que inclui consulta pública, assegurando transparência e validação.",#PlanejamentoMineral #MineraçãoSustentável #AgregadosMinerais,16/03/2026
Agência iNFRA,"Drenagem deve ser integrada aos serviços de água e esgoto, diz secretária",https://agenciainfra.com/blog/saneamento-drenagem-deve-ser-integrada-aos-servicos-de-agua-e-esgoto-diz-secretaria/,"Como geólogo sênior, a notícia aborda a imperativa integração dos serviços de drenagem urbana com os de água e esgoto para a universalização do saneamento básico no estado de São Paulo. O cerne do desafio técnico-financeiro reside na ausência de um modelo de remuneração padronizado e tarifário para a drenagem, dificultando a captação de investimentos e a priorização política de infraestruturas, frequentemente subterrâneas e de alto custo. São propostas soluções como o cofaturamento em contas de água/esgoto e a inclusão da drenagem em contratos de concessão, enquanto a Agência Nacional de Águas (ANA) trabalha na criação de Normas de Referência para estabelecer padrões e viabilizar modelos de negócios sustentáveis para o setor.",#DrenagemUrbana #SaneamentoBásico #RemuneraçãoDeServiços,16/03/2026
In The Mine,SAMARCO ATINGE RECORDES FINANCEIROS E PRODUTIVOS,https://www.inthemine.com.br/site/samarco-atinge-recordes-financeiros-e-produtivos/,Link sem conteúdo textual relevante.,,16/03/2026
In The Mine,CMOC BRASIL AMPLIA AÇÕES SOCIAIS E AMBIENTAIS,https://www.inthemine.com.br/site/cmoc-brasil-amplia-acoes-sociais-e-ambientais/,Link sem conteúdo textual relevante.,,16/03/2026
In The Mine,https://youtu.be/J7eb_MOROBs?si=Jnqb8-BS_S0Eushr,https://youtu.be/J7eb_MOROBs?si=Jnqb8-BS_S0Eushr,Link sem conteúdo textual relevante.,,16/03/2026
In The Mine,https://www.youtube.com/watch?v=KcnHvb8mUAQ,https://www.youtube.com/watch?v=KcnHvb8mUAQ,Link sem conteúdo textual relevante.,,16/03/2026
Agência iNFRA,"Guerra no Irã impacta frete do minério, diz CSN Mineração",https://agenciainfra.com/blog/guerra-no-ira-impacta-frete-do-minerio-diz-csn-mineracao/,"Como geólogo especialista, o cenário atual da CSN Mineração é marcado pelo avanço do projeto P15, uma nova planta de beneficiamento para minério de ferro de alto teor no Complexo Casa da Pedra, Congonhas (MG), que já superou 40% de execução física e representa um investimento de R$ 6 bilhões com previsão de conclusão em 2027, visando otimizar a exploração de recursos. Paralelamente, a rentabilidade das operações de exportação é significativamente desafiada pela volatilidade dos preços internacionais do petróleo, exacerbada por conflitos geopolíticos, que impacta diretamente e de forma substancial os custos de frete marítimo por tonelada de minério, elevando as despesas logísticas e pressionando as margens operacionais da companhia.",#MinérioDeFerro #BeneficiamentoMineral #LogísticaMineral,14/03/2026
Agência iNFRA,TCU cobra decreto sobre barragens de mineração,https://agenciainfra.com/blog/tcu-cobra-decreto-sobre-barragens-de-mineracao/,"Como geólogo especialista, o resultado da avaliação do TCU sobre o monitoramento de risco em barragens de mineração revela um cumprimento parcial das recomendações, criticamente comprometido pela ausência de regulamentação via decreto da Política Nacional de Segurança de Barragens (Lei 14.066/2020). Essa lacuna normativa gera grave indefinição sobre as atribuições do poder público na exigência de descaracterização de estruturas geotécnicas instáveis ou medidas compensatórias em Zonas de Autossalvamento (ZAs), impactando diretamente a efetividade da fiscalização e a responsabilização por potenciais colapsos. Tal insegurança jurídica, apesar dos avanços em indicadores de monitoramento pela ANM e MME, amplifica os riscos geológicos, sociais e ambientais inerentes a essas estruturas, exigindo urgência na definição clara de responsabilidades para a gestão de segurança e mitigação de perigos.",#BarragensDeMineração #SegurançaGeotécnica #FiscalizaçãoRegulatória,14/03/2026
Agência iNFRA,ANM aponta falta de estrutura para regular mineração em terra indígena,https://agenciainfra.com/blog/anm-aponta-falta-de-estrutura-para-regular-mineracao-em-terra-indigena/,"A Agência Nacional de Mineração (ANM) declara-se estrutural e operacionalmente despreparada para regulamentar e fiscalizar a mineração em Terras Indígenas, conforme estabelecido pela decisão provisória do STF. A área técnica aponta a urgência de reformular instrumentos normativos, critérios técnicos e estratégias de fiscalização para lidar com a complexidade dos projetos, a vasta extensão territorial (14% do Brasil), e a necessidade de harmonizar o princípio de prioridade minerária com a proteção constitucional indígena. Além disso, a ANM destaca a carência de definição para o licenciamento ambiental rigoroso e a consulta prévia, o risco elevado de ""esquentamento mineral"" pela utilização de títulos regulares para escoar produção ilegal devido à fiscalização já deficitária, demandando uma reestruturação institucional profunda para evitar o agravamento do passivo socioambiental.",#MineraçãoTerrasIndígenas #CapacidadeRegulatória #FiscalizaçãoMinerária,14/03/2026
In The Mine,IBRAM DEFENDE MINERAIS NO FINANCIAMENTO CLIMÁTICO,https://www.inthemine.com.br/site/ibram-defende-minerais-no-financiamento-climatico/,"Como geólogo, compreendo que o posicionamento do IBRAM destaca a indispensabilidade da lavra mineral para a transição energética global e o avanço de tecnologias de baixo carbono. Minerais críticos como cobre, níquel, lítio e terras raras são insumos estratégicos para baterias, veículos elétricos e infraestrutura renovável. A exclusão da mineração industrial – atividade já regulamentada por rigorosos controles ambientais e técnicos no Brasil, e com baixa pegada de carbono – do Fundo Clima, não só compromete a segurança de suprimento desses materiais essenciais, mas também inviabiliza o fomento a projetos mais sustentáveis e tecnológicos, paradoxalmente abrindo espaço para a mineração ilegal. O financiamento é crucial para a modernização e expansão da oferta desses georecursos estratégicos, alinhando a atividade minerária aos objetivos climáticos globais.",#TransiçãoEnergética #MineraisCríticos #MineraçãoSustentável,14/03/2026
In The Mine,CBPM OBTÉM LIMINAR QUE REVERTE VENDA DE OPERAÇÃO DA EQUINOX GOLD,https://www.inthemine.com.br/site/cbpm-obtem-liminar-que-reverte-venda-de-operacao-da-equinox-gold/,"A Companhia Baiana de Pesquisa Mineral (CBPM) obteve uma tutela de urgência que suspende a transação de US$ 1,015 bilhão referente à venda da operação aurífera do ""Complexo Bahia"" da Equinox Gold para a CMOC. A decisão judicial, fundamentada na natureza de contrato administrativo dos direitos minerários de titularidade estatal, exige anuência prévia da CBPM para qualquer cessão ou transferência, reconhecendo a prevalência do regime jurídico de direito público sobre o privado e o interesse público na fiscalização do patrimônio mineral baiano. Tal medida restringe atos de disposição dos direitos minerários e implica na notificação à ANM, salvaguardando o ativo mineral enquanto o mérito da rescisão contratual por descumprimento é avaliado.",#DireitosMinerários #ContratoAdministrativo #TutelaDeUrgência,14/03/2026
In The Mine,EVOLUÇÃO DAS EXPORTAÇÕES DE MINERAIS METÁLICOS NO BRASIL: 1997 a 2025 (PARTE I),https://www.inthemine.com.br/site/evolucao-das-exportacoes-de-minerais-metalicos-no-brasil-1997-a-2025-parte-i/,"O setor mineral brasileiro constitui um pilar econômico robusto, notavelmente dominado pelas exportações de minério de ferro, que atingiram um recorde de 416,4 Mt em 2025 e representam cerca de 89% dos bens metálicos da indústria extrativa. Este cenário promissor, com potencial estratégico para minerais da transição energética, é confrontado por desafios geológicos crescentes: o esgotamento de depósitos de classe mundial, a exploração de recursos com teores mais baixos, que impulsiona custos e a necessidade de reposição contínua de ativos. A resiliência do setor dependerá da superação dessas complexidades, equilibrando a demanda global com práticas sustentáveis e inovações tecnológicas.",#MinérioDeFerro #EsgotamentoDeDepósitos #TransiçãoEnergética,14/03/2026
In The Mine,MINERAIS CRÍTICOS-TERRAS RARAS: ENTRE MORATÓRIA E RESERVA ESTRATÉGICA,https://www.inthemine.com.br/site/minerais-criticos-terras-raras-entre-moratoria-e-reserva-estrategica/,"O cenário brasileiro atualiza o debate sobre minerais críticos, notadamente Terras Raras, elevando-os à condição de ativo estratégico nacional para segurança e desenvolvimento. A visão governamental prioriza o desenvolvimento de uma cadeia de valor mineral completa, buscando soberania e reindustrialização, em contraste com a mera exploração extrativista. Duas propostas legislativas, PL 542/2026 e PL 500/2026, propõem, respectivamente, uma moratória na exploração de MTRs ou a criação de uma reserva nacional, ambas visando à implementação de uma Política Nacional de Minerais Críticos (PNMC). Esta moratória é justificada pela necessidade de preencher lacunas regulatórias e mitigar severos riscos ambientais associados ao processamento de MTR, como a mobilização de radionuclídeos e o uso de reagentes agressivos, que podem impactar aquíferos e solos, visando estabelecer um arcabouço regulatório robusto para um desenvolvimento mineral responsável e com agregação de valor.",#MineraisCríticos #TerrasRaras #PolíticaMineralNacional,14/03/2026
In The Mine,SERRA VERDE ASSEGURA APORTE DE US$ 565 MI DA DFC,https://www.inthemine.com.br/site/serra-verde-assegura-aporte-de-us-565-mi-da-dfc/,"A Serra Verde, única produtora em larga escala de Terras Raras Pesadas Críticas (HREEs) fora da Ásia, garantiu um financiamento estratégico de US$ 565 milhões da DFC dos EUA, sublinhando sua importância geopolítica para a segurança da cadeia de suprimentos. A operação brasileira explora um vantajoso depósito de argila iônica de grande porte, macio e próximo à superfície, viabilizando a extração de alto teor de disprósio e térbio, minerais críticos para tecnologias avançadas. O investimento impulsionará a otimização e expansão da capacidade produtiva para 6.500 toneladas anuais de Óxido Total de Terras Raras (TREO) até 2027, consolidando a empresa como um player essencial na diversificação do abastecimento global de terras raras com sustentabilidade e baixo impacto ambiental.",#TerrasRarasPesadas #ArgilaIônica #MineraisCríticos,14/03/2026
In The Mine,CBPM REAGE À VENDA INDEVIDA DE OPERAÇÃO DA EQUINOX GOLD,https://www.inthemine.com.br/site/cbpm-reage-a-venda-indevida-de-operacao-da-equinox-gold/,"A Companhia Baiana de Produção Mineral (CBPM) contesta a venda das operações auríferas da Equinox Gold na Bahia para a CMOC, classificando-a como uma quebra contratual. O cerne da questão reside na titularidade do direito minerário: a Equinox Gold atua como arrendatária, e não proprietária, do ativo, que pertence ao Estado da Bahia e é administrado pela CBPM. A negociação foi realizada sem a anuência expressa da CBPM, condição mandatória, levando a estatal a não reconhecer a transferência da operação do jazimento de ouro e a buscar reaver a área, em defesa da soberania e do patrimônio mineral baiano, garantindo a conformidade dos contratos de exploração.",#DireitoMinerário #QuebraContratual #SoberaniaMineral,14/03/2026
In The Mine,VALE REGISTRA DESEMPENHO OPERACIONAL ROBUSTO EM 2025,https://www.inthemine.com.br/site/vale-registra-desempenho-operacional-robusto-em-2025/,"Como geólogo especialista, a Vale demonstrou uma performance operacional robusta em 2025, com produções de minério de ferro (336 Mt) e cobre (382 kt) atingindo níveis recordes desde 2018, e níquel (177 kt) o mais alto desde 2022, superando as expectativas. Este êxito é fundamentalmente atribuído ao bem-sucedido *ramp-up* de projetos-chave, como Capanema e VGR1 no minério de ferro, a produção histórica em Salobo para cobre, e o comissionamento de infraestruturas como o 2º forno de Onça Puma e a expansão subterrânea de Voisey's Bay para níquel, solidificando a estabilidade operacional de suas jazidas e otimizando a extração mineral.",#ProducaoMineral #RampUp #EstabilidadeOperacional,14/03/2026
In The Mine,MINERAÇÃO PERDE UMA DE SUAS PRINCIPAIS LIDERANÇAS,https://www.inthemine.com.br/site/mineracao-perde-uma-de-suas-principais-liderancas/,"Como geólogo especialista, Raul Jungmann, em sua atuação como diretor-presidente do IBRAM, foi um articulador fundamental na defesa de um setor mineral brasileiro estratégico para a transição energética global, enfatizando a importância de minerais críticos e estratégicos. Ele destacava gargalos como o deficitário mapeamento geológico nacional (cobrendo apenas 27% do território) e a morosidade do licenciamento ambiental, que onera investimentos, defendendo uma política mineral abrangente — não apenas para MCEs — e mecanismos de fomento que reposicionassem o Brasil como ator crucial na geopolítica dos recursos minerais e no desenvolvimento sustentável do país.",#MineraisCríticos #MapeamentoGeológico #LicenciamentoAmbiental,14/03/2026
In The Mine,EVOLUÇÃO DAS EXPORTAÇÕES DE MINÉRIO DE FERRO NO BRASIL: 1961-2024 (II),https://www.inthemine.com.br/site/evolucao-das-exportacoes-de-minerio-de-ferro-no-brasil-1961-2024-parte-ii/,"A crescente demanda chinesa por minério de ferro transformou seu modelo de precificação de anuais *benchmarks* para a variação diária e contratos futuros (DCE), com o teor de 62% Fe (Platts IODEX) como principal referência. Embora crises econômicas tenham impactado os preços, a subsequente valorização foi impulsionada pela entrada de grandes *players* (FMG), a expansão de projetos de classe mundial (Minas-Rio/Serpentina) e, crucialmente, por severas interrupções de oferta devido a desastres minerários (Mariana, Brumadinho). A forte produção siderúrgica asiática manteve a pressão da demanda, levando a preços recordes em 2021 que alavancaram lucros de mineradoras (Vale) e a arrecadação de royalties (CFEM), evidenciando a sensibilidade do mercado global às dinâmicas geoeconômicas e à continuidade operacional da produção mineral.",#MinérioDeFerro #Precificação #DinâmicaDeMercado,14/03/2026
In The Mine,SOBERANIA MINERAL EM TEMPOS DE TRANSFORMAÇÃO GLOBAL,https://www.inthemine.com.br/site/soberania-mineral-em-tempos-de-transformacao-global/,"A transição para uma economia de baixo carbono demanda minerais críticos como cobre, lítio e terras raras, reconfigurando as cadeias de valor globais e a geopolítica. O Brasil, detentor de uma vasta província mineral, busca transcender o papel de mero fornecedor de insumos brutos, fortalecendo a Agência Nacional de Mineração (ANM) através de reforço institucional, modernização regulatória e parcerias estratégicas (ABDI, B3, Serpro). O objetivo é consolidar uma governança mineral robusta, que integre políticas industriais, promova a rastreabilidade, a segurança operacional e a inteligência de dados, impulsionando a verticalização das cadeias produtivas para garantir a soberania mineral e o protagonismo do país na nova economia global.",#MineraisCríticos #GovernançaMineral #Verticalização,14/03/2026
In The Mine,JUSTIÇA MANTÉM INDENIZAÇÃO POR EXTRAÇÃO ILEGAL,https://www.inthemine.com.br/site/justica-mantem-indenizacao-por-extracao-ilegal/,"Como geólogo especialista, a condenação de uma empresa por extração não autorizada de 36.877 toneladas de basalto, um agregado petrográfico fundamental na construção civil e pavimentação, evidencia a transgressão direta aos direitos minerários da União. A lavra clandestina do basalto, recurso mineral do subsolo, que por preceito constitucional é de propriedade federal exclusiva, representa a usurpação do patrimônio público e, adicionalmente, acarreta um impacto ambiental irreversível pela completa remoção de ecossistemas na área afetada. A indenização, calculada sobre o valor de mercado do minério extraído, reforça a necessidade de reparação do erário e do dano ambiental decorrente de atividades minerárias realizadas sem a devida outorga legal e fiscalização.",#Basalto #LavraClandestina #DireitosMinerários,14/03/2026
In The Mine,PARCERIA BUSCA APLICAR CÉRIO DO PROJETO ARAXÁ,https://www.inthemine.com.br/site/parceria-busca-aplicar-cerio-do-projeto-araxa/,"A St George Mining e a Nanum Nanotecnologia firmaram um memorando de entendimento para o desenvolvimento de tecnologias de valorização do elemento cério, uma terra rara crítica extraída do Projeto Araxá (MG). A colaboração foca na pesquisa e desenvolvimento de rotas de processamento que transformarão o cério em compostos avançados em escala nanométrica, com aplicações industriais em setores como catalisadores e materiais avançados. Esta iniciativa visa agregar valor em território nacional aos minerais estratégicos, fortalecer a cadeia de inovação e substituir importações, otimizando o aproveitamento industrial do recurso.",#Cério #TerrasRaras #Nanotecnologia,14/03/2026
In The Mine,JACOBINA PAN AMERICAN SILVER OBTÉM SELO ESG,https://www.inthemine.com.br/site/jacobina-pan-american-silver-obtem-selo-esg/,"A Jacobina Mineração Pan American Silver alcançou um marco inédito no setor mineral brasileiro ao obter a certificação de Conformidade ESG pela ABNT, com validade até 2028. Este reconhecimento distingue-se pela incorporação simultânea da prática recomendada nacional ABNT PR 2030-1:2024, focada na gestão operacional ESG, com a recém-publicada ISO IWA 48:2024, um referencial estratégico global que integra o ESG à governança corporativa. Tal validação atesta a maturidade da gestão da empresa, promovendo uma abordagem robusta e integrada de mineração responsável que alinha a estratégia empresarial a padrões internacionais de sustentabilidade, gestão de riscos socioambientais e transparência, gerando valor sustentável para todos os stakeholders.",#CertificaçãoESG #MineraçãoResponsável #ISOIWA48,14/03/2026
In The Mine,MOSAIC E RAINBOW JUNTAS NO PROJETO DE TERRAS RARAS EM UBERABA,https://www.inthemine.com.br/site/mosaic-e-rainbow-juntas-no-projeto-de-terras-raras-em-uberaba/,"Após uma Avaliação Econômica Preliminar (AEP) favorável, Mosaic Fertilizantes e Rainbow Rare Earths estabeleceram um acordo de desenvolvimento conjunto para o projeto de terras raras em Uberaba, MG, que avança para Estudos de Pré-Viabilidade (PFS) e de Viabilidade Definitiva (DFS), com conclusão prevista para 2026. Este projeto inovador visa o tratamento de aproximadamente 2,7 Mtpa de fosfogesso, um subproduto das operações de fertilizantes de fosfato existentes, para a recuperação de Elementos de Terras Raras (ETR) de alto valor, incluindo óxidos de neodímio e praseodímio (NdPr) e um concentrado de samário, európio e gadolínio (SEG+). O diferencial reside na otimização de infraestrutura minerária já existente para valorização de rejeitos industriais, com projeção de início da produção em 2030, consolidando o Brasil como polo estratégico para minerais críticos.",#TerrasRaras #Fosfogesso #RecuperaçãoDeRejeitos,14/03/2026
In The Mine,LIEBHERR COMISSIONA PR 776 G8 COM TELEOPERAÇÃO NO CHILE,https://www.inthemine.com.br/site/liebherr-comissiona-pr-776-g8-com-teleoperacao-no-chile/,"A mineração chilena, notadamente a SQM na mina de iodo Nueva Victoria, avança na vanguarda da digitalização operacional com a implementação do sistema LiReCon da Liebherr. Esta solução de teleoperação integrada, envolvendo tratores de esteira PR 776 G8 e pás carregadeiras L 586 XPower, permite o controle remoto de equipamentos de grande porte a partir de postos seguros. Sob uma perspectiva geológica e de segurança ocupacional, o principal ganho é a mitigação da exposição de operadores a riscos críticos de ambientes de mina, como instabilidade geotécnica em taludes e pilhas de estéril, além de condições severas de poeira e calor. Tal estratégia não apenas eleva a segurança, mas também otimiza a eficiência operacional, a percepção situacional e a produtividade, marcando um passo estratégico na evolução tecnológica da mineração moderna.",#Teleoperação #SegurançaMineral #Mineração4Ponto0,14/03/2026
In The Mine,KINROSS ABRE MAIS DE 40 VAGAS DE ESTÁGIO EM 2026,https://www.inthemine.com.br/site/kinross-abre-mais-de-40-vagas-de-estagio-em-2026/,"Como geólogo especialista, o Programa de Estágio 2026 da Kinross representa uma iniciativa estratégica para a atração e desenvolvimento de capital humano em geociências e áreas correlatas, visando fomentar a mineração do futuro baseada em inovação, sustentabilidade e diversidade. Com mais de 40 vagas para níveis superior e técnico, incluindo estudantes de Geologia, a empresa busca talentos para atuar em sua operação de Paracatu (MG) e em Belo Horizonte (MG), priorizando o desenvolvimento local. A proposta é proporcionar imersão em projetos relevantes, aprendizado prático e mentoria para capacitar os estagiários a assumirem desafios, desenvolverem competências técnicas e soft skills cruciais para a prospecção, gestão de recursos minerais e operações de lavra sustentáveis, alinhando-se aos compromissos de diversidade, equidade e inclusão da Kinross. As inscrições estão abertas até 27/03 pelo site estagiokinross.com.br.",#MineracaoDoFuturo #EstagioKinross #TalentoGeociencias,14/03/2026
In The Mine,GLOBALSAT LEVA SOLUÇÃO DE MONITORAMENTO À MINERAÇÃO,https://www.inthemine.com.br/site/globalsat-leva-solucao-de-monitoramento-a-mineracao/,"Como geólogo especialista, a Globalsat Group apresenta uma solução estratégica para a segurança operacional e gestão de riscos na mineração, utilizando comunicação via satélite para o monitoramento remoto de dados geotécnicos. Esta tecnologia permite a transmissão contínua e em tempo real de informações cruciais de sismógrafos instalados em áreas remotas e sem conectividade terrestre, viabilizando o acompanhamento de variáveis críticas para a estabilidade de maciços rochosos e a prevenção de acidentes. A integração de IoT via satélite com sistemas de energia off-grid otimiza a coleta de dados para análises preditivas e tomadas de decisão ágeis, reduzindo significativamente a necessidade de exposição de equipes de campo e aprimorando a confiabilidade dos dados para a mitigação de riscos geológicos em operações minerárias.",#MonitoramentoViaSatélite #GestãoDeRiscosMinerários #GeotecniaRemota,14/03/2026
Agência iNFRA,Conselho da CCEE: Nome ligado ao MME ocupa cadeira das distribuidoras,https://agenciainfra.com/blog/conselho-da-ccee-nome-ligado-ao-mme-ocupa-cadeira-das-distribuidoras/,"O processo eletivo do Conselho de Administração da CCEE (Câmara de Comercialização de Energia) resultou em uma intensa disputa em três dos quatro segmentos cruciais do setor elétrico – geração, comercialização e consumo – onde múltiplas candidaturas refletiram a complexidade dos interesses. Contrastando, o segmento de distribuição teve uma eleição consensual, indicando Olavo Bilac Pinto Neto, cuja ligação com o Ministro de Minas e Energia evidencia a intersecção entre governança setorial e articulação política. Este evento eleitoral é fundamental para a definição da direção estratégica e regulatória do mercado de energia brasileiro, influenciando diretamente as operações e políticas das infraestruturas de produção, comercialização e consumo de um recurso essencial.",#CCEE #SetorElétrico #GovernançaEnergia,14/03/2026
Agência iNFRA,Governo e Vale caminham para acordo de R$ 11 bi em ferrovias,https://agenciainfra.com/blog/governo-e-vale-caminham-para-acordo-de-r-11-bi-em-ferrovias/,"Do ponto de vista geológico e de recursos minerais, a notícia aborda a iminente repactuação dos contratos de concessão da Vale, uma das maiores mineradoras globais, relativos às ferrovias EFVM (Estrada de Ferro Vitória-Minas) e EFC (Estrada de Ferro Carajás). Estas infraestruturas são umbilicalmente ligadas à logística de escoamento de vastas reservas minerais brasileiras, particularmente na região de Carajás, que é um dos maiores distritos de **minério de ferro** do mundo, além de outras ocorrências metálicas. As discussões sobre a precificação da base de ativos das ferrovias refletem diretamente o valor intrínseco e estratégico do transporte eficiente dessas commodities geológicas para exportação e consumo interno. A conclusão da Ferrovia de Integração Centro-Oeste (Fico) também é crucial para abrir novas frentes de exploração e beneficiamento mineral, consolidando a infraestrutura necessária para a otimização da cadeia de valor do setor extrativo, com foco primordial no **minério de ferro** e seu impacto econômico no país.",,13/03/2026
